EW,Pooled,PerUnit,Shrink,KMeans2S,GDMA,GDMA-soft,Oracle,N,T,design,rep,G_hat,G_soft,kappa,ARI,ARI_km,secs
1.473367053820402,1.3738987937756573,1.0688103715762922,1.0688103715762922,1.0374828123742148,1.0374826610871721,1.0374826610871721,1.0,50,48,grouped,1,3,3,1.0,1.0,1.0,6.451235055923462
1.550078798536862,1.4498264791706155,1.0739988916025116,1.0739988916025116,1.0513885997268257,1.0417596237774072,1.0362555129659845,1.0,50,48,grouped,0,3,3,0.5,0.9367309737201883,0.7486704855943491,7.412682056427002
1.4980719142096435,1.441962088799403,1.0656350825630465,1.0656350825630465,1.054353700336078,1.0567411306446113,1.0382391558606472,1.0,50,48,grouped,2,3,3,0.5,0.887907422206226,0.5784900222697699,7.055387735366821
1.477579050969498,1.3712708102250153,1.081732361934173,1.0963699327808238,1.060737703608959,1.0434038140992465,1.0344814370428237,1.0,50,48,grouped,3,3,3,0.75,0.9371368198626518,0.5128803596127247,7.079636812210083
1.5836876953656922,1.4902182394445966,1.0854001594171927,1.0854001594171927,1.037887075819778,1.0378869673330307,1.0378869673330307,1.0,50,48,grouped,4,3,3,1.0,1.0,1.0,6.03729772567749
1.4640852689821995,1.379123137301635,1.0721402159453524,1.0721402159453524,1.0330761394867374,1.0425380052173328,1.0425380052173328,1.0,50,48,grouped,5,3,3,1.0,0.9312169312169312,1.0,5.417100667953491
1.5398680466093009,1.4604957032854,1.0888554194912847,1.0888554194912847,1.0501425369813642,1.0500235245016345,1.0464214656922581,1.0,50,48,grouped,6,6,6,0.75,0.6452947259565667,0.7796984330994339,5.908350944519043
1.39689869178056,1.3009412973365555,1.0849085191510683,1.0849903609032827,1.086507606657742,1.0558905742357834,1.0504908623341125,1.0,50,48,grouped,7,4,4,0.75,0.7361433040034205,0.4993870044953004,6.202103853225708
1.5021709769366764,1.398450004626532,1.0801190657410051,1.0801190657410051,1.033463471152897,1.0379687660160315,1.0379687660160315,1.0,50,48,grouped,8,3,3,1.0,0.9330115325099134,1.0,4.7285192012786865
1.4817055914084527,1.4154697420773195,1.0906596599443794,1.0906596599443794,1.0709635530046464,1.0340772858373752,1.0293332476232646,1.0,50,48,grouped,9,3,3,0.75,0.9399759903961584,0.7408942848682263,5.146947145462036
1.503684932393644,1.427427858333832,1.091630969403029,1.091630969403029,1.065036939934492,1.071658489178268,1.0533907860762506,1.0,50,48,grouped,10,3,3,0.5,0.8375725265530627,0.844406904522996,4.997050762176514
1.4637645682846412,1.4090144148741224,1.0776847604428124,1.0973615383930568,1.0644951288413653,1.0332139815062789,1.0286348946959474,1.0,50,48,grouped,11,3,3,0.75,1.0,0.6326556646989921,4.9512574672698975
1.5029423893190719,1.4416111629448964,1.0953250261907699,1.0953250261907699,1.051601567920021,1.0452749709873683,1.043456812087382,1.0,50,48,grouped,12,3,3,0.5,0.9441008527091693,0.7666026189591978,5.68494987487793
1.5090319168276998,1.4455828870766205,1.0826649434748625,1.0826649434748625,1.0556172161711357,1.1334637571511696,1.0665669563215063,1.0,50,48,grouped,13,2,2,0.5,0.5598546365400211,0.7598735741860649,5.5625319480896
1.4365263646148172,1.347017632996385,1.0709147314910812,1.0709147314910812,1.0383608996196327,1.0311424879872535,1.0259356428575894,1.0,50,48,grouped,14,3,3,0.75,1.0,0.9320547279865563,6.054744720458984
1.4521854528882738,1.378537833463122,1.095368428749845,1.095368428749845,1.0752565466040807,1.080583976662181,1.0643315908350925,1.0,50,48,grouped,15,4,4,0.5,0.7516168224147468,0.714652688299905,6.070199966430664
1.5489905223363354,1.4919141621496923,1.073132133309929,1.073132133309929,1.0386980079753885,1.0369347780304605,1.0304396326513097,1.0,50,48,grouped,16,3,3,0.75,1.0,0.8231821346940523,4.92882513999939
1.4853542661241768,1.4108211091958054,1.099239587784976,1.099239587784976,1.0948400051554554,1.0803381226705608,1.0705809549437801,1.0,50,48,grouped,17,5,5,0.5,0.582561548764976,0.4707108908570259,5.118495464324951
1.5441531584768,1.4598374937380119,1.0787754202332605,1.0787754202332605,1.0389519913702319,1.029477452985233,1.0267720245043797,1.0,50,48,grouped,18,4,4,0.75,0.7674094795668437,1.0,5.257634878158569
1.5155406065635,1.4364709960417839,1.1006254876639892,1.1006254876639892,1.0894912668757786,1.063658153205368,1.057913359177338,1.0,50,48,grouped,19,4,4,0.5,0.7697323645131808,0.6695602152774167,5.461289882659912
1.5191035346976118,1.4457652757807091,1.1141143517267147,1.1141143517267147,1.0807229500301445,1.0698550638709252,1.0576214298062252,1.0,50,48,grouped,20,3,3,0.75,0.8160257353714178,0.7010760782712572,5.9535229206085205
1.554284968842258,1.4838226251612734,1.1011162172691904,1.1011162172691904,1.0588318760288153,1.0442048053139423,1.0442048053139423,1.0,50,48,grouped,21,4,4,1.0,0.7785961186544066,0.7401391067342059,5.090767860412598
1.5847928067819927,1.4959112358836673,1.0685008786569197,1.115913939348081,1.0553182189929573,1.036091052527101,1.0288639245352416,1.0,50,48,grouped,23,3,3,0.5,1.0,0.7664157596293911,5.522228956222534
1.4590494724895429,1.4150548106512044,1.0912620226385081,1.115314688269489,1.0456968132443905,1.039786700730188,1.0366562801688837,1.0,50,48,grouped,22,3,3,0.75,1.0,0.7359580790042167,6.239002466201782
1.5041375040805507,1.4180406305816775,1.0747897832414395,1.094044515236321,1.0451656630123034,1.0451656464751953,1.0360038697851033,1.0,50,48,grouped,24,3,3,0.75,1.0,1.0,5.1176323890686035
1.51771753129804,1.439673285668279,1.0961278810091943,1.1091039910143219,1.052006939030358,1.0311645755924532,1.0263840371398052,1.0,50,48,grouped,25,3,3,0.75,1.0,0.7864897166475773,5.016903877258301
1.5186276973755815,1.4177813212897608,1.06959145284861,1.06959145284861,1.0465388226364976,1.0393448457759784,1.0318430160320577,1.0,50,48,grouped,27,3,3,0.75,1.0,0.6149329003955163,5.238656520843506
1.5170305804351727,1.4244226949542906,1.09426675809231,1.1006903182120658,1.0521446205881027,1.04207878234116,1.036872968952619,1.0,50,48,grouped,26,4,4,0.75,0.7893603118874254,0.8136430950924721,5.469783067703247
1.4570469971680884,1.3772365738910268,1.0742530246649287,1.0742530246649287,1.0508690640174274,1.0375537248195195,1.0375537248195195,1.0,50,48,grouped,28,4,4,1.0,0.8271179424134179,0.7513652710562536,5.179029226303101
1.5429332696386897,1.4747314870475545,1.0887419479158351,1.0887419479158351,1.0525424661613862,1.0337952089203586,1.030406762155098,1.0,50,48,grouped,29,3,3,0.75,1.0,0.7032608695652174,5.165476083755493
1.5621356599936367,1.4623339307655756,1.0976501747073144,1.0976501747073144,1.066620036401539,1.0425798812788691,1.0426455971622601,1.0,50,48,grouped,30,3,3,0.5,0.9425476034143139,0.47849797995264964,5.556534051895142
1.447278221611848,1.3925975387322191,1.0827996942377767,1.0827996942377767,1.0319571349673962,1.031957097600516,1.026986580131245,1.0,50,48,grouped,31,3,3,0.75,1.0,1.0,5.80235743522644
1.5428134333051133,1.425113730005651,1.0779024408134987,1.0779024408134987,1.0616722717346458,1.068656822375588,1.0510690992812473,1.0,50,48,grouped,32,4,4,0.5,0.7244094488188977,0.4586296056884292,5.305340528488159
1.4583943735819143,1.39044833584953,1.08222379298826,1.08222379298826,1.0407035117899626,1.0355207870222127,1.0300037460932812,1.0,50,48,grouped,33,3,3,0.75,1.0,0.7326862970883369,5.533179044723511
1.4506129270041273,1.403470991794779,1.0713705387735344,1.0713705387735344,1.0490197128126244,1.031595879722211,1.0254363852777169,1.0,50,48,grouped,34,3,3,0.75,1.0,0.578620424515894,5.367351293563843
1.4708087647049968,1.3996176386856385,1.068056107228265,1.068056107228265,1.0521731356145467,1.0434651343858081,1.0347944681651504,1.0,50,48,grouped,35,3,3,0.75,0.9484232242852932,0.6332394366197183,5.424699783325195
1.544890713969071,1.4180403463054279,1.0843058949545363,1.0843058949545363,1.0574081139897493,1.0420868359197086,1.0352187687286638,1.0,50,48,grouped,37,3,3,0.75,0.9371263324451587,0.5637674324597454,5.230111122131348
1.5015047234557493,1.4218002173610578,1.1012328144794696,1.1298984503458023,1.0450537606112211,1.0595738609874255,1.0595738609874255,1.0,50,48,grouped,36,4,4,1.0,0.7267878787878788,0.8704079843794393,5.8528056144714355
1.5118573411507543,1.420554011068987,1.0806987710895672,1.1006806362251054,1.0478905394703932,1.0465883741621074,1.0465883741621074,1.0,50,48,grouped,39,3,3,1.0,0.9513888174438822,0.7225638622130093,5.897894620895386
1.4556940917634187,1.295062777438235,1.1011949252438613,1.1011949252438613,1.0783816973041094,1.038309026517635,1.035934641701885,1.0,50,48,grouped,38,3,3,0.75,1.0,0.4805900212623063,5.950536251068115
1.4842973349544064,1.3938937469728845,1.0829525603678776,1.0829525603678776,1.0726166198672378,1.0687945078447474,1.0512765262421357,1.0,50,48,grouped,40,3,3,0.5,0.7639720138244963,0.7158440423401731,5.107577323913574
1.509324332891466,1.446063354836429,1.0769093750903456,1.0769093750903456,1.038506023353657,1.0391665848561902,1.0391665848561902,1.0,50,48,grouped,41,3,3,1.0,1.0,0.8633975537409158,5.9825499057769775
1.4885058981998072,1.4296543609579728,1.0832146074634992,1.0832146074634992,1.0379926186736306,1.045921989215732,1.0377054081813784,1.0,50,48,grouped,42,3,3,0.75,0.9383077789426938,1.0,5.4743711948394775
1.5083733454049837,1.44656144017757,1.0657973588643481,1.0974769797290833,1.0564262350300675,1.04626360309962,1.0376215237734419,1.0,50,48,grouped,43,3,3,0.75,0.9441008527091693,0.8436863884112218,5.439774751663208
1.493372939063257,1.4096018166859583,1.0881180282420992,1.0881180282420992,1.068732687164195,1.0680243581877307,1.0591913028495634,1.0,50,48,grouped,44,6,6,0.75,0.5600373386913914,0.5905709934447215,5.944816589355469
1.5150563905787833,1.4375443886841122,1.0917756579069529,1.1049669090741658,1.056205019153467,1.136147094026018,1.072989033393369,1.0,50,48,grouped,45,2,2,0.5,0.503456696856031,0.877501484830487,5.8053319454193115
1.4568489141533476,1.3567042042807367,1.070208191585942,1.087899529553262,1.0329423251019003,1.032942317454697,1.026881934470468,1.0,50,48,grouped,46,3,3,0.75,0.9312169312169312,0.9312169312169312,5.8089234828948975
1.4549249041067795,1.3671993907266733,1.076447549940798,1.0981267117703433,1.0517673463885326,1.047044052295117,1.0409239382878532,1.0,50,48,grouped,47,3,3,0.75,0.9309218043729243,0.8654793032525369,5.1414055824279785
1.4290103269611454,1.3293503768885973,1.092985523549197,1.089081805965258,1.0548126492022107,1.0537136467075146,1.0488028191459324,1.0,50,48,grouped,48,5,5,0.75,0.6402685638773576,0.7309621559577876,5.301001787185669
1.422759153379619,1.3557200868702872,1.0959961049589764,1.0959961049589764,1.0566125542896905,1.0486176402364258,1.0429758640878768,1.0,50,48,grouped,49,4,4,0.75,0.7874698795180722,0.5774807026724866,5.6414265632629395
1.3135300036753919,1.023111541092698,1.092174174857472,1.0227812926464952,1.023111541092698,1.023111541092698,1.0227812926464952,1.0,50,48,homogeneous,0,1,1,0.75,,,5.1485915184021
1.3226482178246848,1.0250424160459384,1.0921528249737595,1.024820716120108,1.0569536798769708,1.0482860061764778,1.0482860061764778,1.0,50,48,homogeneous,1,2,2,1.0,,,5.589819431304932
1.3188246467980933,1.0240131287978296,1.0928682766751159,1.0212887301370546,1.0351008433433873,1.0240131287978296,1.0212887301370546,1.0,50,48,homogeneous,2,1,1,0.75,,,6.0164408683776855
1.345541710216515,1.0294441189887156,1.1157457634158539,1.0294441189887156,1.0583547563282514,1.0294441189887156,1.0294441189887156,1.0,50,48,homogeneous,3,1,1,1.0,,,5.798118829727173
1.3271740800862868,1.0271162771192568,1.1042729610154485,1.0394661630476634,1.0465717084484345,1.0271162771192568,1.0394661630476634,1.0,50,48,homogeneous,5,1,1,0.5,,,5.786327123641968
1.3407774055254416,1.0305745609873265,1.0972161555949114,1.0305745609873265,1.0305745609873265,1.0305745609873265,1.0305745609873265,1.0,50,48,homogeneous,4,1,1,1.0,,,6.39678430557251
1.3198087245954617,1.027983747632535,1.094803975246227,1.027983747632535,1.027983747632535,1.027983747632535,1.027983747632535,1.0,50,48,homogeneous,6,1,1,1.0,,,6.25206184387207
1.303774813505952,1.0275675575444645,1.0962463244834932,1.0267944549070689,1.0275675575444645,1.0275675575444645,1.0267944549070689,1.0,50,48,homogeneous,7,1,1,0.75,,,6.274064302444458
1.3051660409339063,1.0331074940861948,1.095331775329808,1.0327397918389483,1.0331074940861948,1.0331074940861948,1.0327397918389483,1.0,50,48,homogeneous,9,1,1,0.75,,,5.782040119171143
1.3165833587594802,1.02379223620163,1.0959257109770342,1.023633555575125,1.0307544480851167,1.02379223620163,1.023633555575125,1.0,50,48,homogeneous,8,1,1,0.75,,,6.131706714630127
1.3322940555948497,1.0356159916656036,1.1103958135160603,1.0316202252489552,1.0356159916656036,1.0356159916656036,1.0316202252489552,1.0,50,48,homogeneous,10,1,1,0.75,,,5.803938627243042
1.3223373315524063,1.029503847528367,1.1047865341322585,1.029503847528367,1.029503847528367,1.029503847528367,1.029503847528367,1.0,50,48,homogeneous,11,1,1,1.0,,,6.120591163635254
1.3339669553597109,1.02507944526793,1.0968669110259337,1.0248019797688082,1.0444375321314099,1.02507944526793,1.0248019797688082,1.0,50,48,homogeneous,12,1,1,0.75,,,6.603843450546265
1.3258947646545345,1.024931013976214,1.0808494619178721,1.0238343410670556,1.024931013976214,1.024931013976214,1.0238343410670556,1.0,50,48,homogeneous,13,1,1,0.75,,,6.443037986755371
1.3259712676327429,1.0204573854387424,1.0846553058730932,1.0204573854387424,1.0204573854387424,1.0204573854387424,1.0204573854387424,1.0,50,48,homogeneous,14,1,1,1.0,,,5.273133993148804
1.328950804143198,1.0355660069473982,1.0863645040872847,1.0317390893325704,1.0355660069473982,1.0355660069473982,1.0317390893325704,1.0,50,48,homogeneous,15,1,1,0.75,,,6.307621955871582
1.3085083651094565,1.0323618006319897,1.1028644537355212,1.0323618006319897,1.0323618006319897,1.0323618006319897,1.0323618006319897,1.0,50,48,homogeneous,16,1,1,1.0,,,5.095343828201294
1.3357147977122763,1.0216626795091286,1.0765488486352908,1.0216626795091286,1.0216626795091286,1.0216626795091286,1.0216626795091286,1.0,50,48,homogeneous,17,1,1,1.0,,,7.2729737758636475
1.3198720132492725,1.0256149092759441,1.1019994425032458,1.0256149092759441,1.0256149092759441,1.0256149092759441,1.0256149092759441,1.0,50,48,homogeneous,18,1,1,1.0,,,5.707812309265137
1.3438569987452618,1.0272363386985914,1.0947636324169943,1.0266200474217562,1.0272363386985914,1.0272363386985914,1.0266200474217562,1.0,50,48,homogeneous,19,1,1,0.75,,,6.350652456283569
1.3239293427459047,1.0294878667141136,1.092332814609503,1.030318332740756,1.0294878667141136,1.0294878667141136,1.030318332740756,1.0,50,48,homogeneous,20,1,1,0.75,,,5.798263788223267
1.2906351851809978,1.0260752721791306,1.0822992899785242,1.0253951051104238,1.0260752721791306,1.0260752721791306,1.0253951051104238,1.0,50,48,homogeneous,21,1,1,0.75,,,5.7114057540893555
1.2988519554675766,1.0240146681848312,1.0868517320734676,1.0240146681848312,1.0240146681848312,1.0240146681848312,1.0240146681848312,1.0,50,48,homogeneous,22,1,1,1.0,,,5.4898841381073
1.3079740822166697,1.0341972141477451,1.09746544752135,1.0330499797411314,1.0648694063015591,1.052763589947679,1.052763589947679,1.0,50,48,homogeneous,23,2,2,1.0,,,6.023383378982544
1.330288640638447,1.0239340470811213,1.094078127114459,1.0327439895788146,1.062575963214637,1.0239340470811213,1.0327439895788146,1.0,50,48,homogeneous,24,1,1,0.5,,,5.808385848999023
1.338617451580609,1.0295979411194347,1.1146547765174977,1.0462587657140705,1.0295979411194347,1.0295979411194347,1.0462587657140705,1.0,50,48,homogeneous,25,1,1,0.5,,,5.751055479049683
1.3269587779974337,1.0251833105095947,1.1071513336617553,1.0251833105095947,1.0251833105095947,1.0251833105095947,1.0251833105095947,1.0,50,48,homogeneous,26,1,1,1.0,,,6.037594318389893
1.3281332903196814,1.0276025350472349,1.1040193626577248,1.0267163378265787,1.0276025350472349,1.0276025350472349,1.0267163378265787,1.0,50,48,homogeneous,27,1,1,0.75,,,5.489271402359009
1.3207677662216009,1.0260150262076788,1.0919852162625097,1.024615094942823,1.0260150262076788,1.0260150262076788,1.024615094942823,1.0,50,48,homogeneous,28,1,1,0.75,,,5.286411762237549
1.3183451184501485,1.0279738014854156,1.0910238385148054,1.0227701547693284,1.0397226731749771,1.029876770451525,1.0305838894140282,1.0,50,48,homogeneous,29,2,2,0.75,,,6.844277858734131
1.332744481447992,1.0280854927301215,1.0940031016070069,1.0280854927301215,1.0280854927301215,1.0280854927301215,1.0280854927301215,1.0,50,48,homogeneous,30,1,1,1.0,,,6.8740315437316895
1.305918102028813,1.032107831509784,1.0904285747540166,1.032107831509784,1.032107831509784,1.032107831509784,1.032107831509784,1.0,50,48,homogeneous,31,1,1,1.0,,,6.1852006912231445
1.3150312287485368,1.0233855671304244,1.0880155760396812,1.0233855671304244,1.0233855671304244,1.0233855671304244,1.0233855671304244,1.0,50,48,homogeneous,32,1,1,1.0,,,6.598118782043457
1.3343644916968125,1.0288721147283084,1.108296781661753,1.0288721147283084,1.0288721147283084,1.0288721147283084,1.0288721147283084,1.0,50,48,homogeneous,33,1,1,1.0,,,5.589690446853638
1.3416910084651006,1.0263690512765749,1.097733901086189,1.0269055864667274,1.0263690512765749,1.0263690512765749,1.0269055864667274,1.0,50,48,homogeneous,34,1,1,0.75,,,5.647000789642334
1.3106941978421591,1.0214353580918718,1.1167938570177738,1.0214353580918718,1.0214353580918718,1.0214353580918718,1.0214353580918718,1.0,50,48,homogeneous,35,1,1,1.0,,,6.426417589187622
1.3334295150357809,1.0281631390761097,1.0999180437617335,1.0281631390761097,1.0281631390761097,1.0281631390761097,1.0281631390761097,1.0,50,48,homogeneous,36,1,1,1.0,,,6.015249490737915
1.318734858806386,1.027099644162744,1.0861336911068822,1.0249384223921225,1.027099644162744,1.027099644162744,1.0249384223921225,1.0,50,48,homogeneous,37,1,1,0.75,,,5.779399156570435
1.3123303311332832,1.0264632303839718,1.1025075071470625,1.0275288348591556,1.0430130559500372,1.0264632303839718,1.0275288348591556,1.0,50,48,homogeneous,38,1,1,0.75,,,5.559709072113037
1.3260034559240441,1.024795860341777,1.0976214253613523,1.024795860341777,1.024795860341777,1.024795860341777,1.024795860341777,1.0,50,48,homogeneous,39,1,1,1.0,,,6.033843517303467
1.3166299178258685,1.0219177157800075,1.1049964167133473,1.0219177157800075,1.0219177157800075,1.0219177157800075,1.0219177157800075,1.0,50,48,homogeneous,40,1,1,1.0,,,5.360989570617676
1.3023547215887816,1.0201813325539275,1.0817269781827636,1.0201813325539275,1.0201813325539275,1.0201813325539275,1.0201813325539275,1.0,50,48,homogeneous,41,1,1,1.0,,,5.554643154144287
1.2952838730400158,1.0223369569067176,1.116237046320038,1.0267028941627685,1.0223369569067176,1.0223369569067176,1.0267028941627685,1.0,50,48,homogeneous,42,1,1,0.75,,,5.963516712188721
1.3195463784394368,1.0249883426794593,1.0893760164385222,1.0224634429298447,1.0249883426794593,1.0249883426794593,1.0224634429298447,1.0,50,48,homogeneous,43,1,1,0.75,,,5.871310234069824
1.3095480798965442,1.0286281264497095,1.1182989029553225,1.0297022262248754,1.0416897716051752,1.0286281264497095,1.0297022262248754,1.0,50,48,homogeneous,44,1,1,0.75,,,6.029234409332275
1.3201579006948314,1.033403285841205,1.0903818694151521,1.033403285841205,1.033403285841205,1.033403285841205,1.033403285841205,1.0,50,48,homogeneous,45,1,1,1.0,,,5.246638059616089
1.3183130025950311,1.0285201715313927,1.0878671426880073,1.0357532204676316,1.0536121291981728,1.0285201715313927,1.0357532204676316,1.0,50,48,homogeneous,46,1,1,0.5,,,6.04544734954834
1.330708202016685,1.025642650433071,1.0998923903568967,1.025642650433071,1.025642650433071,1.025642650433071,1.025642650433071,1.0,50,48,homogeneous,47,1,1,1.0,,,5.469996690750122
1.3170556240073596,1.0268615836402757,1.0791555621980777,1.0240738670806193,1.0268615836402757,1.0268615836402757,1.0240738670806193,1.0,50,48,homogeneous,48,1,1,0.75,,,5.757761001586914
1.332783421222443,1.0282493133207808,1.1116959196595892,1.0279553859783226,1.045463552304058,1.0282493133207808,1.0279553859783226,1.0,50,48,homogeneous,49,1,1,0.75,,,6.689021587371826
1.195421176405027,1.137136648226374,1.1031749090275307,1.082602368174774,1.0876077375138589,1.0863763299527796,1.0693944349509483,1.0,50,48,continuous,0,2,2,0.75,,,6.547861337661743
1.2330720285945203,1.1681318953418225,1.0888230817527675,1.077528027172455,1.0899299811819274,1.0815477702027605,1.064830568420828,1.0,50,48,continuous,1,4,4,0.5,,,6.804550409317017
1.2429027693788668,1.1719808090509847,1.081767622496873,1.073803204378721,1.0730015072640153,1.0779745808366312,1.0620655047049974,1.0,50,48,continuous,2,2,2,0.75,,,5.96003270149231
1.1705337046585644,1.1210939380310405,1.0928455511385158,1.0720665229948658,1.1085464114397807,1.1210939380310405,1.0720665229948658,1.0,50,48,continuous,3,1,1,0.5,,,5.8164567947387695
1.2073542357964449,1.1483902349948851,1.0884639051021847,1.0706723123700541,1.1044437044924122,1.0819044581103499,1.0562296772569646,1.0,50,48,continuous,4,2,2,0.5,,,5.8986546993255615
1.1856182608169084,1.1348970782199135,1.1175334060133681,1.0879885159339462,1.1181788187568908,1.1348970782199135,1.0879885159339462,1.0,50,48,continuous,5,1,1,0.5,,,6.477231502532959
1.2225042022683557,1.1671124510204935,1.080638543538346,1.0719833892846113,1.085492818797532,1.0758442221765756,1.0617077490612068,1.0,50,48,continuous,6,3,3,0.75,,,6.538480758666992
1.2346029507110685,1.1800081894560641,1.0858772196960047,1.073829083739278,1.0841854952951964,1.1035308818702092,1.0685493563928112,1.0,50,48,continuous,7,3,3,0.5,,,6.585911512374878
1.1611980576744192,1.1133344082876129,1.1083433019104525,1.0753719136051878,1.1113486557486656,1.0945728515628386,1.081802479607505,1.0,50,48,continuous,8,4,4,0.75,,,7.822014093399048
1.2073163055019631,1.1520628709555742,1.0953799260580963,1.0844829597498695,1.093850021467085,1.1127210146849082,1.1127210146849082,1.0,50,48,continuous,9,2,2,1.0,,,8.489909410476685
1.2099936887096567,1.1549732767494416,1.0952814717182386,1.0869722692349342,1.1034158285752682,1.0991316965808677,1.082473787549377,1.0,50,48,continuous,10,4,4,0.75,,,8.683689832687378
1.1870750968822537,1.136415482673988,1.0844545474383698,1.0709279199914152,1.0893457761106566,1.0797662039159959,1.0629422607831511,1.0,50,48,continuous,11,2,2,0.75,,,9.769603967666626
1.2134128841743326,1.164138170386981,1.1011917984272064,1.0797062070834136,1.0930303798110879,1.0788196252952873,1.0672727686228747,1.0,50,48,continuous,12,4,4,0.5,,,11.336568593978882
1.2299915093744833,1.1639361821769827,1.0840047048724075,1.0720767458649862,1.0962698357786225,1.0904007865810474,1.0597487413200999,1.0,50,48,continuous,13,2,2,0.5,,,8.219194173812866
1.1963962218722601,1.1269481741217542,1.103116866431833,1.0809167235579689,1.0736652158389965,1.1269481741217542,1.0809167235579689,1.0,50,48,continuous,14,1,1,0.5,,,6.836617708206177
1.202086175722213,1.1481681523239538,1.1013510664867945,1.0743655594749113,1.0980323460711867,1.0888798795767394,1.0801679582786838,1.0,50,48,continuous,15,4,4,0.25,,,6.554565906524658
1.236276799000992,1.1747063731574825,1.1008656523550782,1.0756321719564987,1.0810307204111895,1.0668142890461687,1.0579902156470602,1.0,50,48,continuous,16,5,5,0.5,,,6.089106798171997
1.1974673196065204,1.137722191984344,1.09000647858104,1.0599424682179552,1.0721307712992378,1.0893790390959017,1.0537574840935178,1.0,50,48,continuous,17,2,2,0.5,,,6.27667236328125
1.1645547902511497,1.1208132815308338,1.0924642488193976,1.0677933910047466,1.0974211417961062,1.1208132815308338,1.0677933910047466,1.0,50,48,continuous,18,1,1,0.25,,,6.327011823654175
1.231402793969807,1.1785826576409124,1.0944442572783413,1.079178427055337,1.1014480213944018,1.0802550645059055,1.067235668431259,1.0,50,48,continuous,19,4,4,0.75,,,6.761380434036255
1.2300757614636904,1.164527718756766,1.0878825878502754,1.0746662510361666,1.0874648677446745,1.0691600913610835,1.0549730026383453,1.0,50,48,continuous,20,3,3,0.5,,,6.393856763839722
1.1934897863355272,1.1338564992830615,1.0974530070789934,1.0699115354020614,1.0850615380157598,1.0802982991353793,1.0569581238908838,1.0,50,48,continuous,21,2,2,0.5,,,5.872460126876831
1.1482012527013916,1.0931623823289993,1.1075718651964732,1.070067383821859,1.0719566424920375,1.0761660090984762,1.0580282648847235,1.0,50,48,continuous,22,3,3,0.75,,,6.223837614059448
1.1892979010204061,1.1355111988185875,1.084906034430176,1.0758260407843951,1.073208381674556,1.0714271502199693,1.0525757393995436,1.0,50,48,continuous,23,2,2,0.5,,,5.559124231338501
1.205472334160525,1.1494566444806174,1.0912886090987686,1.088953615845955,1.0916898673635969,1.1017442589419535,1.0805717678831135,1.0,50,48,continuous,24,2,2,0.75,,,6.524312973022461
1.2188578646991948,1.1573460905874604,1.0883631721846458,1.069669253332994,1.0829692637110293,1.0712027266658455,1.062035873473563,1.0,50,48,continuous,25,6,6,0.75,,,5.806225776672363
1.176299534268038,1.1324148869992636,1.0775760195473154,1.0677203800149222,1.0836015362775888,1.0871522707871446,1.06557436576603,1.0,50,48,continuous,26,2,2,0.75,,,6.600119352340698
1.2074417023638213,1.135947098861533,1.0981577032739909,1.0821913541000014,1.1128363298015784,1.135947098861533,1.0821913541000014,1.0,50,48,continuous,27,1,1,0.5,,,5.829992055892944
1.2028602092595022,1.1468632785023605,1.0811628169795533,1.0685182475074388,1.106522717600807,1.1023588555751351,1.0649265297606374,1.0,50,48,continuous,28,2,2,0.5,,,6.444770097732544
1.1930410666245161,1.1403940949960827,1.0843965620364422,1.0757458130685822,1.077673503776246,1.0815136973625958,1.0689340740703173,1.0,50,48,continuous,29,4,4,0.75,,,6.290424823760986
1.1975071629019691,1.140630645301084,1.093077096425331,1.0688613761903183,1.077758075800265,1.092121054990756,1.0748051714908435,1.0,50,48,continuous,30,4,4,0.25,,,6.903679370880127
1.2064875988637291,1.150039512001689,1.0918415610620738,1.0849631567413112,1.0947823420257783,1.0905369916697372,1.0639349294940514,1.0,50,48,continuous,31,2,2,0.5,,,6.225148439407349
1.24115410058714,1.1789657272431437,1.0861530318451578,1.0723237591024974,1.0751071986732512,1.0693653964545213,1.0546214595107832,1.0,50,48,continuous,33,2,2,0.75,,,5.707509994506836
1.1996727412318342,1.1422971034898166,1.0820823134036948,1.0576887596885336,1.0916709443744808,1.0617431967022808,1.048896731596401,1.0,50,48,continuous,32,4,4,0.5,,,6.836278438568115
1.236586072434134,1.1499679475890225,1.0949741070873533,1.0803937475346495,1.071645207170687,1.1499679475890225,1.0803937475346495,1.0,50,48,continuous,35,1,1,0.5,,,5.458829402923584
1.1891375685812162,1.1109593752700084,1.0853237622757204,1.0575252051471586,1.0776875541270183,1.082241078504819,1.0687374016396132,1.0,50,48,continuous,34,5,5,0.75,,,6.0726237297058105
1.1702234534193545,1.1242224345799383,1.0719506962001537,1.0635180589226592,1.065716604186116,1.1242224345799383,1.0635180589226592,1.0,50,48,continuous,36,1,1,0.5,,,5.101778507232666
1.2078842242146355,1.1523253813606777,1.0821986968742012,1.0689353092138112,1.1165579625602244,1.0768293401251674,1.0616087571215467,1.0,50,48,continuous,37,3,3,0.75,,,6.90956449508667
1.2093374376934194,1.1627954783552135,1.0911884860330128,1.072061876061623,1.0872748348111363,1.0919264158089992,1.0700555825797888,1.0,50,48,continuous,38,2,2,0.75,,,6.170684337615967
1.1977003953408825,1.1505278071032097,1.0669008855234583,1.0625737181198383,1.079421750429527,1.0755694718067015,1.0578251329629271,1.0,50,48,continuous,39,3,3,0.75,,,6.062597036361694
1.2193984880914608,1.1553424049274297,1.0993918063878632,1.078572743312242,1.0768656734447866,1.0809062865494354,1.0652214398378568,1.0,50,48,continuous,40,4,4,0.5,,,6.467409610748291
1.187968572301979,1.1440952946401706,1.1028784504806735,1.0824200109318536,1.0927679292633996,1.0660477517812754,1.0535923000173693,1.0,50,48,continuous,41,2,2,0.5,,,6.899771451950073
1.2333627790507793,1.1635727849488227,1.0842049707371517,1.0676443921801484,1.1005676316232347,1.0997462716442097,1.0744761312171252,1.0,50,48,continuous,42,2,2,0.75,,,6.681859493255615
1.2043612836341522,1.1560285599775142,1.089016732765971,1.0728364685233314,1.0778369163841648,1.087596562147073,1.0570394087294908,1.0,50,48,continuous,43,2,2,0.5,,,6.934416770935059
1.176944206125412,1.1179210894573053,1.0883665661269621,1.0907941680277877,1.0822232686138247,1.1179210894573053,1.0907941680277877,1.0,50,48,continuous,44,1,1,0.75,,,5.873318195343018
1.211663755619397,1.1589235807328568,1.0840789524108534,1.0822302021765613,1.1101677506053584,1.1137674522823642,1.0811690165495944,1.0,50,48,continuous,45,2,2,0.75,,,7.39306378364563
1.2434491447425065,1.1763741505184104,1.1119969545706958,1.0918733067012836,1.1084784036994764,1.0917846157355586,1.0781757824103855,1.0,50,48,continuous,46,4,4,0.5,,,5.990511894226074
1.211671335192911,1.1549034499960973,1.0790345544415147,1.0641817254942438,1.0783451913230566,1.0705336640182372,1.0592569319487377,1.0,50,48,continuous,47,5,5,0.75,,,6.1698503494262695
1.2572467974882429,1.1907441244501473,1.1007062993727377,1.0869181125874927,1.1104906182659102,1.0671341032363768,1.0567080129140465,1.0,50,48,continuous,48,2,2,0.75,,,6.772092580795288
1.1972414906157742,1.1413013673071457,1.0862248474038247,1.0675876323276985,1.090298507612782,1.0916544062429225,1.0721766586834505,1.0,50,48,continuous,49,4,4,0.5,,,6.870485305786133
1.437975908976589,1.3727274208804583,1.0347162357226511,1.0347162357226511,1.0395732575839811,1.0395732841820848,1.0395732841820848,1.0,50,168,grouped,0,3,3,1.0,0.8734604096662272,0.8734604096662272,6.4532880783081055
1.494092855039495,1.3973323559284176,1.034039446833387,1.034039446833387,1.0285584598399882,1.0254036930497816,1.0202781417149724,1.0,50,168,grouped,1,4,4,0.75,0.7447610508836288,1.0,5.474016427993774
1.4629240656639324,1.357482162298028,1.0316426408143375,1.0316426408143375,1.0220348926429241,1.023009108616443,1.0180735364862252,1.0,50,168,grouped,2,4,4,0.75,0.9251625042764283,0.6725647363193273,5.23777961730957
1.538283461454508,1.4711295478712874,1.0350884513458243,1.0350884513458243,1.0293762202047139,1.0381342439525632,1.0247524278652127,1.0,50,168,grouped,3,4,4,0.5,0.7991157307835433,0.6443347608332729,5.880086183547974
1.469321881399899,1.3752008167014398,1.0337528385238806,1.0337528385238806,1.0275394190231373,1.0319824515541036,1.0244505825211554,1.0,50,168,grouped,4,4,4,0.75,0.8635123563099472,0.7223092668031229,6.188445568084717
1.5317943363351145,1.4171194336959714,1.0295291678727656,1.0295291678727656,1.0284349138182127,1.0324467504969905,1.0201135278896714,1.0,50,168,grouped,5,3,3,0.5,1.0,0.6300874384032121,5.985270261764526
1.5230981283053586,1.457592038302349,1.0399147505037334,1.0399147505037334,1.0393400931367782,1.0305216384739404,1.0258801144781626,1.0,50,168,grouped,6,4,4,0.5,0.8585096348201051,0.6302901433568832,5.299724102020264
1.478130460477899,1.3608024831631547,1.036142832672594,1.036142832672594,1.0383572950380116,1.033427086177918,1.02881865726987,1.0,50,168,grouped,7,6,6,0.75,0.5054129143514083,0.7192838794350903,6.191418647766113
1.4353111477628353,1.3437917575237552,1.0265055406717016,1.0265055406717016,1.0299677527189717,1.0300181669813309,1.0221597501670934,1.0,50,168,grouped,8,3,3,0.75,1.0,0.9198484406878461,5.2266621589660645
1.4837128127780812,1.4133208394265413,1.0363357140642215,1.0363357140642215,1.0329510409976743,1.0322771103421053,1.022514985313324,1.0,50,168,grouped,10,3,3,0.5,1.0,0.8076016962462699,5.535850524902344
1.522698578359751,1.352103276708233,1.0312293234962573,1.0312293234962573,1.0312950133346375,1.029634641381198,1.0220178808413953,1.0,50,168,grouped,9,4,4,0.5,0.5839558629535964,0.5163025061511941,6.815201044082642
1.477063178516496,1.3792580468425497,1.0270145568123579,1.0270145568123579,1.0229052001513843,1.025877281003774,1.0173720006835696,1.0,50,168,grouped,11,4,4,0.5,0.8970790041168398,0.7994066482368013,6.596582651138306
1.4338589628723173,1.3492886744553858,1.02913985154447,1.02913985154447,1.024520544407857,1.0245205526661563,1.0195659315287673,1.0,50,168,grouped,12,4,4,0.75,0.9556999409332546,0.9556999409332546,6.814189434051514
1.4945093159093263,1.39201550009776,1.0328087022829617,1.0328087022829617,1.0316643729822401,1.0326723134938371,1.0203835322209054,1.0,50,168,grouped,13,3,3,0.5,1.0,0.7255756067205974,5.83503794670105
1.5615885029156977,1.464633509244675,1.0272067593206828,1.0272067593206828,1.0240900533629087,1.0326380831016526,1.0196018522183565,1.0,50,168,grouped,14,3,3,0.5,1.0,0.8290733811124501,5.7240588665008545
1.4847122544370137,1.393447963372447,1.031772090957516,1.031772090957516,1.0238021254669085,1.0298515296264945,1.0195337457347478,1.0,50,168,grouped,15,3,3,0.5,1.0,0.6858659638170576,5.169436454772949
1.5294141407897128,1.4761109565403645,1.0273852846084703,1.0273852846084703,1.0225860801682312,1.019411566312695,1.019411566312695,1.0,50,168,grouped,16,6,6,1.0,0.5748178645743391,0.5748178645743391,5.794280529022217
1.4989926792061739,1.4274594562920135,1.04014283577368,1.04014283577368,1.0322231979568286,1.0322232211430102,1.02767838897408,1.0,50,168,grouped,17,3,3,0.75,0.9400569459013937,0.9400569459013937,5.115780830383301
1.4834784229895415,1.4034876373710836,1.0309611304109825,1.0309611304109825,1.0327170712700344,1.0404147038204108,1.0316924320526775,1.0,50,168,grouped,18,4,4,0.75,0.9185989908901956,0.7327236189148177,6.3376688957214355
1.502540579394226,1.4363140067189364,1.0308721639706557,1.0308721639706557,1.037666424201603,1.0293089893383331,1.0219688110452934,1.0,50,168,grouped,19,5,5,0.5,0.6745369326014488,0.9419689451719232,5.620457649230957
1.4958986741284592,1.4264160546117972,1.0271439705816552,1.0271439705816552,1.0290469534060545,1.0365048770758094,1.0274018332322354,1.0,50,168,grouped,20,3,3,0.75,1.0,0.8843372128887685,5.353132009506226
1.4762601090862644,1.4133086256516145,1.0273310580254833,1.0273310580254833,1.0315734965568797,1.025102340773756,1.018666635598225,1.0,50,168,grouped,21,4,4,0.5,0.8127358715903119,0.9383077789426938,6.334069490432739
1.5565922276878355,1.4635048743994972,1.0302050453122507,1.0302050453122507,1.027138943715534,1.0311143853618527,1.019141850057425,1.0,50,168,grouped,22,3,3,0.5,1.0,0.5755385034599457,5.3510987758636475
1.4636068345908775,1.3868814848405986,1.0352291540354355,1.0352291540354355,1.0296379272780283,1.0330259080334887,1.0255985777320296,1.0,50,168,grouped,23,3,3,0.75,1.0,0.7379169503063309,6.13962197303772
1.5099613435864834,1.4239033291364442,1.03866336710821,1.03866336710821,1.0260944487641475,1.0347263727958815,1.0231250945241188,1.0,50,168,grouped,24,3,3,0.5,1.0,0.7190864001782122,5.433748006820679
1.495176426633487,1.4116730726528066,1.0309051459351695,1.0309051459351695,1.0288697136124916,1.0239277144236245,1.0239277144236245,1.0,50,168,grouped,25,4,4,1.0,0.8783110664002939,1.0,5.649404764175415
1.4766757185049784,1.412392758999563,1.0366758074670614,1.0366758074670614,1.0366636126374404,1.0308420279679518,1.0271654335672964,1.0,50,168,grouped,26,5,5,0.75,0.6940001755321663,0.696289699907407,4.866796016693115
1.5643329496678113,1.4995987203589756,1.0275217328332524,1.0275217328332524,1.0235499741333631,1.0251117301168426,1.018098867939993,1.0,50,168,grouped,28,4,4,0.5,0.8418954382711034,0.6236636218408225,4.775070905685425
1.4989716383710938,1.4133808666014143,1.0411774436359977,1.0411774436359977,1.0429797749037084,1.0380931888190097,1.0257175946060106,1.0,50,168,grouped,27,3,3,0.5,1.0,0.7322794492605813,5.213776350021362
1.4476589932428405,1.3604041653368646,1.0265783017839305,1.0265783017839305,1.0294685305645122,1.0173514709936449,1.0150719244127548,1.0,50,168,grouped,29,6,6,0.5,0.5632366905890701,0.6531370822843787,5.520746946334839
1.4520707295976465,1.3870152771439923,1.0272877523832111,1.0272877523832111,1.0286011344516095,1.0286011615230335,1.0219358876192248,1.0,50,168,grouped,30,3,3,0.75,1.0,1.0,5.748290538787842
1.4473127532319594,1.3844139948695666,1.0390407209675285,1.0390407209675285,1.0390174100563019,1.0390173097752216,1.0255564839008018,1.0,50,168,grouped,31,3,3,0.5,0.9364802913518641,0.9364802913518641,6.370092153549194
1.5351381553317107,1.4520520333310534,1.0340850642700057,1.0340850642700057,1.0311079688824065,1.0311079724303607,1.0244142949670223,1.0,50,168,grouped,32,3,3,0.75,1.0,1.0,6.2170984745025635
1.5108012486618958,1.4451094176294719,1.0285483158647195,1.0285483158647195,1.0331233610986987,1.0308708657555905,1.0194882062520243,1.0,50,168,grouped,33,3,3,0.5,1.0,0.9445686308225563,5.464713096618652
1.4967381674514881,1.431964954032607,1.0341309379623655,1.0341309379623655,1.037683048044167,1.0233538960316793,1.019687068342407,1.0,50,168,grouped,34,4,4,0.75,0.8488974681415149,0.9421235439441947,5.471167087554932
1.4969479001331971,1.4018766297953213,1.0313631384944586,1.0313631384944586,1.0383560426912466,1.0383560893817334,1.025291204714206,1.0,50,168,grouped,35,3,3,0.5,1.0,1.0,4.802020311355591
1.534670212408509,1.482623080458317,1.0354286953550722,1.0354286953550722,1.0258930597020668,1.0276744540969844,1.0229752733665782,1.0,50,168,grouped,36,5,5,0.5,0.6171365873121426,0.6666819652569016,5.044211387634277
1.5017741467708783,1.4347733711231383,1.0331044917277308,1.0331044917277308,1.0331456139560542,1.033145708244353,1.021183375367947,1.0,50,168,grouped,38,3,3,0.5,1.0,1.0,4.909429311752319
1.462315285344467,1.4025005855777153,1.0303202888257101,1.0303202888257101,1.0333137602812263,1.023441880534351,1.019363483486897,1.0,50,168,grouped,37,4,4,0.75,0.8456517904392309,0.6052737574178996,5.613855838775635
1.443284099970411,1.3862311237558929,1.0360737149732158,1.0360737149732158,1.0296556907388825,1.0245944701881706,1.0189074173101833,1.0,50,168,grouped,40,3,3,0.75,1.0,0.8171718196851475,5.508240461349487
1.4882731444284714,1.418636342838701,1.030370305583589,1.030370305583589,1.0236447190937932,1.025393701181395,1.0214138354296298,1.0,50,168,grouped,39,5,5,0.75,0.7713672707933147,0.8419018242593584,5.694225788116455
1.4618653063950087,1.3585261864906355,1.043910722803464,1.043910722803464,1.0403896328269964,1.0320475770298219,1.0226245791824369,1.0,50,168,grouped,41,3,3,0.5,1.0,0.8436221969012846,5.642343521118164
1.4952031952823774,1.4187151427196896,1.0324037023092447,1.0324037023092447,1.0295436387606796,1.0250981376399413,1.0199037837059333,1.0,50,168,grouped,42,4,4,0.75,0.78324931395794,0.7229733051472396,6.04371452331543
1.538337342153587,1.4369305368435705,1.029222878927359,1.029222878927359,1.0322218144932336,1.0263968622838515,1.02031333855107,1.0,50,168,grouped,43,3,3,0.75,1.0,0.9406838905315147,6.188899993896484
1.4668323304218245,1.3696194559415558,1.0369223195827937,1.0369223195827937,1.0366054120147605,1.0376787613808076,1.0244058588885077,1.0,50,168,grouped,44,3,3,0.5,1.0,0.671224205595645,6.349233865737915
1.4456187307862636,1.3921321611118367,1.0325169170373818,1.0325169170373818,1.0488688341402266,1.0439705839936386,1.023816158005441,1.0,50,168,grouped,45,3,3,0.5,0.9412032926156135,0.6292553866580753,6.12657904624939
1.4990777568622144,1.4372593283259716,1.0336463182072508,1.0336463182072508,1.0277594680141748,1.025379672708168,1.0217638424192381,1.0,50,168,grouped,46,4,4,0.75,0.8416371486930216,0.7354437563722018,5.638395309448242
1.4881273119921754,1.396219833147484,1.0369674130601212,1.0369674130601212,1.030034791765372,1.030886416436954,1.0243452042699108,1.0,50,168,grouped,48,4,4,0.5,0.8173913043478261,0.5559406974316141,5.5125651359558105
1.5006940647346039,1.393349388734129,1.030259298212573,1.030259298212573,1.0285680188284367,1.02423347758004,1.018882384785621,1.0,50,168,grouped,47,4,4,0.75,0.7825202792778544,0.7867587327376117,6.118948221206665
1.4801927600515996,1.4126194651043213,1.0332161285278572,1.0332161285278572,1.0342762324413155,1.0342762138509447,1.0268525432613596,1.0,50,168,grouped,49,3,3,0.75,1.0,1.0,5.029483795166016
1.3089779752620914,1.0232644945616416,1.0365896337969551,1.0190556657060874,1.0232644945616416,1.0232644945616416,1.0190556657060874,1.0,50,168,homogeneous,0,1,1,0.75,,,5.945516109466553
1.3263276484590043,1.0220856714688957,1.0383004009973207,1.0191291085900802,1.0220856714688957,1.0220856714688957,1.0191291085900802,1.0,50,168,homogeneous,1,1,1,0.75,,,6.759858846664429
1.3102692327350245,1.0227027833624167,1.0427616936533062,1.0199962484706653,1.0370670119798642,1.0227027833624167,1.0199962484706653,1.0,50,168,homogeneous,2,1,1,0.75,,,6.550625324249268
1.3200068276828376,1.0237029256692445,1.0380709736322828,1.0188812534134188,1.0237029256692445,1.0237029256692445,1.0188812534134188,1.0,50,168,homogeneous,3,1,1,0.75,,,6.903389930725098
1.3151787001075326,1.0293303028502372,1.0337802866629189,1.0230261370853881,1.0293303028502372,1.0191601752548416,1.0191601752548416,1.0,50,168,homogeneous,4,2,2,1.0,,,7.477401971817017
1.3188713004050574,1.0296192996040292,1.0359838971883486,1.0216040415168335,1.0359676541022258,1.0296192996040292,1.0216040415168335,1.0,50,168,homogeneous,5,1,1,0.5,,,6.777321100234985
1.3233503098875674,1.024243876795123,1.0436934454503217,1.0208685022219839,1.0333226443369885,1.0229902798746184,1.01971173780452,1.0,50,168,homogeneous,6,2,2,0.75,,,6.688459634780884
1.3345740536471034,1.0244349624443674,1.0331319060620727,1.02010144085084,1.0244349624443674,1.0244349624443674,1.02010144085084,1.0,50,168,homogeneous,7,1,1,0.75,,,5.835289239883423
1.3190938103278538,1.0232991237838889,1.0433122311119476,1.0205841863754237,1.0318224137633774,1.0310953333900696,1.0287158364725053,1.0,50,168,homogeneous,8,3,3,0.75,,,6.751457452774048
1.3191352138399526,1.0203620666978659,1.0322532667394506,1.0203620666978659,1.0203620666978659,1.0203620666978659,1.0203620666978659,1.0,50,168,homogeneous,9,1,1,1.0,,,6.47750186920166
1.3417229730425435,1.0268957948529442,1.0332020932302524,1.020059992175388,1.0269007704608009,1.0271659265503177,1.02268237031465,1.0,50,168,homogeneous,10,2,2,0.75,,,6.6145384311676025
1.2963551086044087,1.022528706849753,1.0310140963566825,1.0172976883941975,1.022528706849753,1.022528706849753,1.0172976883941975,1.0,50,168,homogeneous,11,1,1,0.5,,,5.651261568069458
1.3239403358665354,1.015657899166124,1.0322780760105883,1.015657899166124,1.015657899166124,1.015657899166124,1.015657899166124,1.0,50,168,homogeneous,12,1,1,1.0,,,5.5098137855529785
1.315907801705818,1.0235806830048153,1.033418661160493,1.0180409608425625,1.0235806830048153,1.0235806830048153,1.0180409608425625,1.0,50,168,homogeneous,13,1,1,0.75,,,6.216044902801514
1.3106471960990485,1.024606310061675,1.0330223556042146,1.0180499585568623,1.024606310061675,1.024606310061675,1.0180499585568623,1.0,50,168,homogeneous,14,1,1,0.5,,,6.179673910140991
1.329663196675324,1.0245968563365497,1.0371597566875546,1.0245968563365497,1.0245968563365497,1.0245968563365497,1.0245968563365497,1.0,50,168,homogeneous,15,1,1,1.0,,,6.205370903015137
1.3250444546920732,1.0260692621698038,1.0412431444526624,1.021097953571328,1.0334415938141275,1.0260692621698038,1.021097953571328,1.0,50,168,homogeneous,16,1,1,0.5,,,5.94611668586731
1.3322468596082397,1.025120418217373,1.0351669588446453,1.0208844234412333,1.025120418217373,1.025120418217373,1.0208844234412333,1.0,50,168,homogeneous,17,1,1,0.75,,,5.66510534286499
1.2950218990213573,1.0260584684045102,1.032220805437633,1.020071949729365,1.0260584684045102,1.0260584684045102,1.020071949729365,1.0,50,168,homogeneous,18,1,1,0.75,,,6.739276170730591
1.3331670317544395,1.0214274511297683,1.033558597139945,1.0214274511297683,1.0214274511297683,1.0248854108406498,1.0248854108406498,1.0,50,168,homogeneous,19,2,2,1.0,,,6.043829679489136
1.315078925424494,1.0292394612022975,1.0408978837350624,1.0226541304360848,1.0336834890535405,1.0292394612022975,1.0226541304360848,1.0,50,168,homogeneous,20,1,1,0.5,,,6.440515518188477
1.34077295083278,1.0253649754429224,1.0401752099711028,1.0207044313321103,1.0253649754429224,1.0253649754429224,1.0207044313321103,1.0,50,168,homogeneous,21,1,1,0.75,,,6.630414962768555
1.3231363044188664,1.0306751363369957,1.048339097709139,1.0212956965509752,1.0374276137827148,1.0349902895772647,1.0311019697998725,1.0,50,168,homogeneous,22,2,2,0.75,,,6.44316840171814
1.3354412448306694,1.0294503475601608,1.0326643566040177,1.019415302810857,1.0294503475601608,1.020987981966367,1.0181140186429805,1.0,50,168,homogeneous,23,2,2,0.75,,,6.604192018508911
1.3144522368086387,1.0230981794763285,1.034904554920918,1.018542085310115,1.0255585679328996,1.0230981794763285,1.018542085310115,1.0,50,168,homogeneous,24,1,1,0.75,,,7.605406999588013
1.3188263582419009,1.0257801720774864,1.0362092724003347,1.0208426041438792,1.0257801720774864,1.0257801720774864,1.0208426041438792,1.0,50,168,homogeneous,25,1,1,0.75,,,7.190722703933716
1.3245111189058907,1.0202232049146518,1.0449124657583764,1.0179266784210173,1.0202232049146518,1.0202232049146518,1.0179266784210173,1.0,50,168,homogeneous,26,1,1,0.75,,,6.599355220794678
1.318705742556871,1.0220941196299744,1.0372120403870284,1.0192132153732711,1.0220941196299744,1.0220941196299744,1.0192132153732711,1.0,50,168,homogeneous,27,1,1,0.75,,,6.370415210723877
1.3180041247572027,1.0250212139865775,1.042207650280586,1.0284030424851958,1.0284845506242726,1.0212708827890629,1.0226445625296767,1.0,50,168,homogeneous,28,2,2,0.5,,,6.855091333389282
1.3216257522806942,1.0269153054680484,1.0313656411101058,1.0179604816610144,1.0269153054680484,1.0269153054680484,1.0179604816610144,1.0,50,168,homogeneous,29,1,1,0.5,,,6.327614784240723
1.2914557451835091,1.0301347320351308,1.0320599480632349,1.0238121074885889,1.0301347320351308,1.0301347320351308,1.0238121074885889,1.0,50,168,homogeneous,30,1,1,0.75,,,6.410882234573364
1.293519798042275,1.0235498927254187,1.0369777328393317,1.019318828467996,1.0235498927254187,1.0235498927254187,1.019318828467996,1.0,50,168,homogeneous,31,1,1,0.5,,,6.64217472076416
1.3390310968177546,1.0265632499322563,1.0379522758423343,1.0199290182793945,1.0269834898003958,1.01878539355173,1.0174927767983841,1.0,50,168,homogeneous,32,2,2,0.75,,,6.865479230880737
1.3103692267401474,1.0222695790509324,1.041799748997631,1.0194107744047622,1.0222695790509324,1.0222695790509324,1.0194107744047622,1.0,50,168,homogeneous,33,1,1,0.75,,,5.8477253913879395
1.3084484624881274,1.0242224260720374,1.0358830929444316,1.0242224260720374,1.0242224260720374,1.0242224260720374,1.0242224260720374,1.0,50,168,homogeneous,34,1,1,1.0,,,6.593742370605469
1.3279383136505774,1.025678771863064,1.048456529801241,1.0215866208812345,1.025678771863064,1.025678771863064,1.0215866208812345,1.0,50,168,homogeneous,35,1,1,0.75,,,6.062922716140747
1.3311727734746823,1.0235712186307513,1.0368728731626484,1.019969692305138,1.0235712186307513,1.0235712186307513,1.019969692305138,1.0,50,168,homogeneous,36,1,1,0.75,,,5.0839996337890625
1.3297468926320892,1.025192510225996,1.0292083969212342,1.0195681934893828,1.025192510225996,1.025192510225996,1.0195681934893828,1.0,50,168,homogeneous,37,1,1,0.75,,,5.744613885879517
1.3179339209952103,1.023601760183914,1.0280225767876365,1.0162787764808319,1.023601760183914,1.023601760183914,1.0162787764808319,1.0,50,168,homogeneous,38,1,1,0.5,,,5.630059719085693
1.3298003579353226,1.0239354517126908,1.037878008692629,1.0202525579742612,1.0239354517126908,1.0239354517126908,1.0202525579742612,1.0,50,168,homogeneous,39,1,1,0.75,,,6.3604576587677
1.3305689098721354,1.0304679836204595,1.0400781785260815,1.0304679836204595,1.0304679836204595,1.0304679836204595,1.0304679836204595,1.0,50,168,homogeneous,40,1,1,1.0,,,6.203882694244385
1.3185263949526713,1.0208992349235444,1.0311547601310587,1.0156664884991637,1.0274577655257484,1.0177342758970604,1.016982356874268,1.0,50,168,homogeneous,41,2,2,0.5,,,5.99584698677063
1.3212220118856808,1.0258776449652414,1.036294317597461,1.0192865085241622,1.0277395847740267,1.0273102261908005,1.0246356355897026,1.0,50,168,homogeneous,42,4,4,0.75,,,7.30989670753479
1.3323731520557216,1.0242048481894457,1.0310145882660913,1.0182177994316208,1.0226060489925544,1.019610411066164,1.0186101507481613,1.0,50,168,homogeneous,43,3,3,0.75,,,7.380328178405762
1.3204009466133018,1.0278520358257912,1.0356551175625104,1.022043285754626,1.0364569688932452,1.0278520358257912,1.022043285754626,1.0,50,168,homogeneous,44,1,1,0.75,,,6.297278642654419
1.327607009137868,1.028648079077192,1.0360238096408403,1.0210858084042074,1.0290025490159547,1.028648079077192,1.0210858084042074,1.0,50,168,homogeneous,45,1,1,0.75,,,6.683600425720215
1.3322023990572238,1.0205763520819588,1.028139365658597,1.0205763520819588,1.0205763520819588,1.0205763520819588,1.0205763520819588,1.0,50,168,homogeneous,46,1,1,1.0,,,6.46060585975647
1.3354629969890013,1.0242719570203043,1.0365344435257835,1.0184201398131252,1.0242719570203043,1.0242719570203043,1.0184201398131252,1.0,50,168,homogeneous,47,1,1,0.75,,,5.872508525848389
1.3189305780548564,1.0227465731680716,1.0343166505225383,1.0181698086300652,1.0279359900817444,1.0227465731680716,1.0181698086300652,1.0,50,168,homogeneous,48,1,1,0.5,,,6.494528770446777
1.334723725394726,1.0255581644444973,1.03478306528356,1.021274132872303,1.0255581644444973,1.0255581644444973,1.021274132872303,1.0,50,168,homogeneous,49,1,1,0.5,,,6.122525930404663
1.1761585376423078,1.127420747724574,1.033174890344702,1.0320853718035228,1.0411593684040148,1.0516225083377875,1.0259720218009416,1.0,50,168,continuous,1,3,3,0.5,,,6.38522744178772
1.182212311790687,1.1310877291143293,1.0272771309156083,1.0335599554144201,1.0422180083842758,1.0358423499420701,1.02286070700167,1.0,50,168,continuous,0,6,6,0.5,,,7.830761909484863
1.232744510681102,1.177056439410143,1.0362797808052948,1.0362797808052948,1.051169363494625,1.0758181545607808,1.0308619945898831,1.0,50,168,continuous,2,2,2,0.25,,,5.752590894699097
1.1951250585706559,1.1372716903489832,1.0341618055895394,1.0341618055895394,1.0433903988644861,1.0403197401332953,1.0280967070199494,1.0,50,168,continuous,3,6,6,0.5,,,7.380276918411255
1.189328567179046,1.1281898461923265,1.0369776472661194,1.0369776472661194,1.0509652204739812,1.057789595659402,1.0317985060176398,1.0,50,168,continuous,4,4,4,0.25,,,6.715754270553589
1.2377115719261267,1.176128939950336,1.0385287455443755,1.0385287455443755,1.0487195230369892,1.058548042801915,1.0372353789468218,1.0,50,168,continuous,5,4,4,0.5,,,7.1240129470825195
1.2078047827591074,1.1469326879047337,1.0347505551319482,1.03840129655779,1.0432420888568616,1.0533701536341786,1.028628877559048,1.0,50,168,continuous,6,3,3,0.5,,,6.140422821044922
1.23977923085101,1.1610210810797998,1.0424131959651852,1.0461183076097893,1.0912702888068049,1.091567014221586,1.0365092286069872,1.0,50,168,continuous,7,2,2,0.25,,,5.76872992515564
1.2423831000761032,1.1716896618954675,1.0395173805166569,1.0434437451767178,1.061101142556555,1.060818968378385,1.031191629848045,1.0,50,168,continuous,8,3,3,0.25,,,6.335794448852539
1.204283070948768,1.1337617513740532,1.0282646540873897,1.0282646540873897,1.0509194346522803,1.062841816752557,1.0267877913967152,1.0,50,168,continuous,9,3,3,0.25,,,6.795105218887329
1.1987718327776842,1.1468383784826603,1.0393129791689655,1.0409882313914476,1.0536462746372888,1.075992874223159,1.0325745534325985,1.0,50,168,continuous,10,2,2,0.25,,,6.193085432052612
1.2338242334483531,1.1731870200726786,1.039426047640987,1.0469339042361616,1.0435011198898005,1.04541106722956,1.029809994859687,1.0,50,168,continuous,11,4,4,0.5,,,6.08721137046814
1.1917795966599596,1.1482724023458875,1.03031129113364,1.03031129113364,1.0459914519362854,1.06398467854185,1.0265487592330804,1.0,50,168,continuous,12,4,4,0.25,,,6.952600479125977
1.2672352885437286,1.2046162508193898,1.0302608954047414,1.0302608954047414,1.043222664981764,1.0462039724386043,1.0282448738232046,1.0,50,168,continuous,13,4,4,0.5,,,6.115318298339844
1.2396611822454617,1.1753663112824078,1.0311399506356842,1.0311399506356842,1.0404552170939707,1.0501120720730734,1.0269667601507393,1.0,50,168,continuous,14,4,4,0.5,,,5.954466342926025
1.2201381438580072,1.1553964037862832,1.040882031899861,1.046205689424581,1.0532504679758314,1.05237926846645,1.0403764082305988,1.0,50,168,continuous,15,4,4,0.75,,,7.392513990402222
1.1807730103177185,1.1312353052041884,1.035442199459846,1.0366984348400914,1.067459570909113,1.0622883873629265,1.0297565930680408,1.0,50,168,continuous,16,2,2,0.5,,,7.015878677368164
1.1859245119727673,1.1345255667405134,1.038439592579688,1.0443850238860715,1.058868920057396,1.0543768281703865,1.04275166725806,1.0,50,168,continuous,17,3,3,0.75,,,6.718498706817627
1.1972468357168278,1.1251178670912665,1.0422704924481732,1.0422704924481732,1.054747043943958,1.0460645834450577,1.0357827941641775,1.0,50,168,continuous,18,6,6,0.5,,,7.189783573150635
1.211663141354543,1.1442598135822033,1.0374017515114862,1.0374017515114862,1.0529121190848236,1.0470688265349852,1.0330977093202014,1.0,50,168,continuous,19,5,5,0.5,,,6.823568344116211
1.2113211607609864,1.1660999064608877,1.0288096192126455,1.0288096192126455,1.05942299041287,1.0645581978516765,1.0301812386170697,1.0,50,168,continuous,20,3,3,0.5,,,6.470043897628784
1.1773034249359926,1.1255535624886759,1.0419961869938446,1.0423806765323442,1.0698153168178082,1.061032337885904,1.039662711283958,1.0,50,168,continuous,21,4,4,0.5,,,7.839274168014526
1.1881539923222384,1.1305696937049203,1.0312296748002725,1.0347495750405038,1.0527865976028694,1.0381713661119545,1.0268783040705436,1.0,50,168,continuous,22,6,6,0.5,,,7.24221658706665
1.2253801771740769,1.1668493996081264,1.0317770112132716,1.0317770112132716,1.0665235179092742,1.0491292989267484,1.0298399975435915,1.0,50,168,continuous,23,6,6,0.5,,,7.633462905883789
1.2349144645783339,1.1665888158154247,1.0264587557776021,1.0264587557776021,1.0314100603180927,1.05156970363186,1.0262202966936331,1.0,50,168,continuous,24,3,3,0.5,,,8.037177324295044
1.20736148394541,1.1557269328271522,1.0326539639764944,1.041130546579924,1.0475904942677847,1.0632970608832126,1.0335680666686877,1.0,50,168,continuous,25,3,3,0.5,,,7.257582426071167
1.2270854495522328,1.1487423757031796,1.0324454042760298,1.0324454042760298,1.061225732359015,1.0662058786051156,1.0350717719009392,1.0,50,168,continuous,26,2,2,0.5,,,7.393882989883423
1.1703178900128448,1.1298207812977603,1.0260967267886814,1.03141359544251,1.0335311213630127,1.0553164850556545,1.0273532595122241,1.0,50,168,continuous,27,3,3,0.5,,,7.7452404499053955
1.1777233147909527,1.128813720147463,1.0269582388558869,1.028211391403617,1.0477049008641968,1.0500949876819552,1.0251760528509097,1.0,50,168,continuous,28,3,3,0.5,,,6.644026756286621
1.201505687421574,1.1591730839976802,1.0444867297512623,1.0444867297512623,1.0548999839740254,1.0687015695473303,1.0431814090082572,1.0,50,168,continuous,29,5,5,0.5,,,6.298959732055664
1.2811928978147757,1.2187070348432794,1.0336537140154325,1.0336537140154325,1.0536321737130563,1.0505817079018358,1.0304182421301038,1.0,50,168,continuous,30,5,5,0.5,,,7.318786382675171
1.2036836034932783,1.1516235928357377,1.0295513596666142,1.0295513596666142,1.054570000534067,1.0667072838505038,1.0267701432595435,1.0,50,168,continuous,31,3,3,0.25,,,7.1828532218933105
1.2203267692506163,1.1617655710906547,1.0328297922869842,1.0328297922869842,1.0441242471520027,1.0458204808959028,1.02667731016605,1.0,50,168,continuous,32,4,4,0.25,,,7.64114785194397
1.1699770572548205,1.1210609981708064,1.0297965163726355,1.0297965163726355,1.0422945517439357,1.0575705394760697,1.0245843932475345,1.0,50,168,continuous,33,3,3,0.25,,,7.538703441619873
1.201110997431812,1.1426455176291834,1.0265234057206878,1.0348387243565431,1.049475034250889,1.0432038392900245,1.0321956956671825,1.0,50,168,continuous,34,5,5,0.75,,,6.236053228378296
1.1915500879001522,1.132267531526158,1.0400304195451873,1.0409619582877083,1.0629288483812103,1.050835123877922,1.0333567081358492,1.0,50,168,continuous,35,4,4,0.5,,,7.087926864624023
1.213238536265775,1.1534717659205584,1.032449644768077,1.032449644768077,1.045747860014766,1.047518555761068,1.0260268785091418,1.0,50,168,continuous,36,4,4,0.25,,,7.317520380020142
1.2004483518272449,1.1389536952089074,1.0352244709442928,1.0352244709442928,1.0642585892242438,1.0600634708348085,1.03016326316034,1.0,50,168,continuous,37,4,4,0.25,,,7.608606338500977
1.199345709231403,1.155612130856365,1.0322457363128714,1.0322457363128714,1.0535573836821166,1.0648207676679597,1.0309376131943264,1.0,50,168,continuous,38,4,4,0.25,,,7.122542858123779
1.1847601624050725,1.1336865497485278,1.0391266010916256,1.0391266010916256,1.0472777873943833,1.0610490378413806,1.032274149395371,1.0,50,168,continuous,39,4,4,0.25,,,6.732836008071899
1.2051163438103034,1.1499638459485935,1.0356229799948782,1.0435572948145517,1.0480383582493966,1.055904978950958,1.0312938171485901,1.0,50,168,continuous,40,4,4,0.25,,,6.8564348220825195
1.1954334964760371,1.1439044395642577,1.039731387814837,1.039731387814837,1.0508992258729024,1.0421285349148846,1.0300654259192978,1.0,50,168,continuous,41,5,5,0.25,,,6.82136607170105
1.1626437689064788,1.112316346427524,1.0424993532984514,1.0367167855536277,1.055795173624243,1.045727581505663,1.0346828030469866,1.0,50,168,continuous,42,5,5,0.5,,,7.042074918746948
1.1982234574162403,1.1359005090711127,1.043664366503753,1.043664366503753,1.0519624537267027,1.0744000842058754,1.0382169519768116,1.0,50,168,continuous,43,3,3,0.25,,,6.729681968688965
1.2218232450202222,1.1644254328219237,1.0432272509896514,1.0432272509896514,1.0615028658834733,1.0584620946660057,1.0390765417230141,1.0,50,168,continuous,44,5,5,0.25,,,6.281058311462402
1.2065786112116672,1.1498108384125505,1.0306566110835742,1.037158502132278,1.0359318166195828,1.0415702962012878,1.0260242196592224,1.0,50,168,continuous,45,5,5,0.25,,,6.900540351867676
1.1693798576061707,1.1216241745145388,1.0332531411181312,1.033224143715522,1.0462483252295385,1.0430650828918595,1.0343048276546287,1.0,50,168,continuous,46,6,6,0.75,,,6.864072322845459
1.1722297834665905,1.1237848446036083,1.0316051845306224,1.0330947171533151,1.0423567899130621,1.0441987242880988,1.0272439606264725,1.0,50,168,continuous,47,5,5,0.5,,,7.343108415603638
1.2332996942439431,1.164252724004019,1.0320825062191936,1.0320825062191936,1.0367275534034606,1.0477618633636154,1.026320375932944,1.0,50,168,continuous,48,4,4,0.25,,,7.005733489990234
1.189512786704839,1.140285051839572,1.0324340825357556,1.0346509451834076,1.0446843730212898,1.044835713723147,1.030718848678105,1.0,50,168,continuous,49,5,5,0.5,,,7.580193281173706
1.5004175124322856,1.4012574926458572,1.0115883035340014,1.0115883035340014,1.0256570395964555,1.0181431824925469,1.0115109587629052,1.0,50,672,grouped,0,6,6,0.5,0.5841434435083172,0.6313696717237461,7.88886833190918
1.468668554684954,1.37272998926038,1.011290750587653,1.011290750587653,1.016518321264836,1.0146659680006538,1.0101963364258966,1.0,50,672,grouped,1,5,5,0.5,0.6414130138175684,0.6323584275270643,8.461899757385254
1.4904560005022225,1.3640551049736638,1.011078855219889,1.011078855219889,1.0221927524943308,1.0279411022487663,1.0143561573414035,1.0,50,672,grouped,2,3,3,0.5,1.0,0.8261162216737716,7.560410022735596
1.4846212735353723,1.3976477294352534,1.0130499196331488,1.0130499196331488,1.0176340906119268,1.0189612323323327,1.0119282175872584,1.0,50,672,grouped,3,5,5,0.5,0.7634537973649421,0.6825021725541613,7.158201217651367
1.4820990268022667,1.4113503482200778,1.0123426329656646,1.0123426329656646,1.0155104358221,1.016144251835003,1.0102975698295533,1.0,50,672,grouped,4,5,5,0.5,0.7395058052991962,0.6930716069458157,7.670271396636963
1.4666138770561534,1.334087821045702,1.014368564302226,1.014368564302226,1.0246952756430774,1.0189777225314327,1.0123615052067518,1.0,50,672,grouped,5,6,6,0.5,0.6088528972403491,0.6197271444252783,7.217074871063232
1.4864501578531244,1.3875479114444276,1.0151429204583657,1.0151429204583657,1.0224414290600377,1.0187905722179245,1.0144456660639856,1.0,50,672,grouped,6,6,6,0.5,0.5953695222074282,0.642069097540579,6.497956275939941
1.4757095283027064,1.4099615845989162,1.0124299204227534,1.0124299204227534,1.0159225959122045,1.0148181363548836,1.012147646214903,1.0,50,672,grouped,7,6,6,0.75,0.5511591424089245,0.6961877809222574,6.470666885375977
1.5230616793058342,1.4556638335895815,1.0105369507658615,1.0105369507658615,1.0162532402783115,1.012773367823234,1.0092311509016993,1.0,50,672,grouped,8,6,6,0.5,0.5909104708703968,0.6187670036441758,7.711697578430176
1.4682693513110379,1.3732005458387913,1.0105167209700243,1.0105167209700243,1.0178682691747187,1.0176303723816662,1.0106901208393477,1.0,50,672,grouped,9,5,5,0.5,0.7121609798775154,0.7278003482298316,6.775100946426392
1.4752944353552138,1.4149196970045912,1.0132313646350197,1.0132313646350197,1.0228192042682573,1.0175233357242341,1.0113214605363443,1.0,50,672,grouped,10,6,6,0.25,0.6846018882112123,0.8392729581712834,8.504759073257446
1.4647175799202972,1.4054131725164785,1.0113987313659776,1.0113987313659776,1.0184109011291342,1.0191250214087992,1.0148724348696223,1.0,50,672,grouped,11,5,5,0.75,0.8125621605079948,0.6626679150248587,6.881025075912476
1.4597442520624757,1.374288416482946,1.0136288440601138,1.0136288440601138,1.0176971007689433,1.0167126746893647,1.011258465862175,1.0,50,672,grouped,12,5,5,0.5,0.68145606575868,0.6442372412285048,7.618653059005737
1.4367064158909946,1.3246812008478135,1.0135303746350368,1.0135303746350368,1.0236730748662255,1.0171270271144728,1.011573854760293,1.0,50,672,grouped,13,6,6,0.25,0.59356737632918,0.6730949158100847,7.409626245498657
1.5684162898619658,1.4909349033852417,1.0112566297790717,1.0112566297790717,1.017328703859987,1.020914508418355,1.0103302388195952,1.0,50,672,grouped,14,4,4,0.25,0.8029494842906503,0.7385735720453478,6.49694561958313
1.4999048538780502,1.4114836522373608,1.0139130004674002,1.0139130004674002,1.0169815867187832,1.0183721359193758,1.0120345656273817,1.0,50,672,grouped,15,5,5,0.5,0.6950925262746174,0.612459020952765,6.417281150817871
1.511954766985759,1.454961811339345,1.0178386419201488,1.0178386419201488,1.023558925010708,1.013919435231333,1.0139132339539687,1.0,50,672,grouped,16,6,6,0.25,0.5830273604547693,0.5890066845488994,7.554112434387207
1.5261481298813167,1.449480990726915,1.0113345157775542,1.0113345157775542,1.0178460026063065,1.0181152652967336,1.0098124402251174,1.0,50,672,grouped,17,5,5,0.25,0.6816512054081152,0.5974838331202981,7.573943614959717
1.4675707396267748,1.3927307313309014,1.0131698623170613,1.0131698623170613,1.0208302645785774,1.0283397395990448,1.0126530004210703,1.0,50,672,grouped,18,3,3,0.25,1.0,0.6770323890375565,6.572390794754028
1.4566279729787108,1.3825827909594548,1.0115294839984037,1.0115294839984037,1.0164286986478537,1.0160779586267714,1.0106144201991232,1.0,50,672,grouped,19,6,6,0.5,0.628379184462313,0.6816512054081152,6.785073518753052
1.5607753881714128,1.455963172585917,1.012981099118527,1.012981099118527,1.0193441955223301,1.014539403578638,1.0096289180475615,1.0,50,672,grouped,20,6,6,0.5,0.5916795069337443,0.6107269821342195,6.450059175491333
1.5013905790158122,1.4323537158022361,1.011292921323859,1.011292921323859,1.0140384715648698,1.014977302665797,1.0104669481082191,1.0,50,672,grouped,21,5,5,0.5,0.7172160862511258,0.6210683489866452,7.058802604675293
1.496679328748193,1.3636282000551987,1.011698952452984,1.011698952452984,1.0195138430663366,1.0167397963358071,1.010220867286745,1.0,50,672,grouped,22,6,6,0.25,0.6733306611915026,0.6666819652569016,8.62513518333435
1.4756340855164716,1.3927408670732404,1.0149230224330106,1.0149230224330106,1.020600895874334,1.0174980009453627,1.0130896274076284,1.0,50,672,grouped,23,5,5,0.25,0.7122232141059287,0.6380297272596085,8.2718026638031
1.4576327411944867,1.3747367031681883,1.0164620795079184,1.0164620795079184,1.0252082655442554,1.0216081083457196,1.014403697294049,1.0,50,672,grouped,24,6,6,0.5,0.5726373235803304,0.5635910224438903,9.917723178863525
1.4854315325674914,1.406762436029816,1.0121633289992402,1.0121633289992402,1.018446859103341,1.0166173574416388,1.0104035838458354,1.0,50,672,grouped,25,5,5,0.5,0.719645669821354,0.6898686752494728,8.183305978775024
1.4744005036643637,1.3775509587358914,1.0136645551076866,1.0136645551076866,1.01910635651081,1.01820564541834,1.0144979854246605,1.0,50,672,grouped,26,5,5,0.75,0.6649626385648346,0.6038353826781623,7.175898313522339
1.4902820137827957,1.402188727712635,1.0121679040890488,1.0121679040890488,1.0211444512621282,1.01843804471459,1.0104432544121933,1.0,50,672,grouped,27,5,5,0.25,0.7844405815787353,0.6317317161664853,7.0441811084747314
1.5179659393897447,1.4628634212801004,1.0128071606212383,1.0128071606212383,1.016222636384887,1.0155750247744333,1.0108543099728853,1.0,50,672,grouped,29,5,5,0.5,0.764788060966405,0.7426496333570093,7.339529752731323
1.4812854669759592,1.389809884835661,1.0129513834597381,1.0129513834597381,1.0199221645839176,1.017807136584262,1.0119674009745077,1.0,50,672,grouped,28,6,6,0.5,0.6197136688027333,0.8810435375080989,7.905611515045166
1.503819838297549,1.4244542658799877,1.0171931884396697,1.0171931884396697,1.0228946140263782,1.0176918248637497,1.0131551903782374,1.0,50,672,grouped,30,5,5,0.5,0.6825021725541613,0.875329169157963,7.030956029891968
1.4788743932176198,1.4207078019608355,1.0116248035815687,1.0116248035815687,1.0165947462848044,1.0204407570232308,1.0117870791202674,1.0,50,672,grouped,31,4,4,0.5,0.8747315676449535,0.7731421466176354,7.8990068435668945
1.4845896935030518,1.40583151023303,1.0115788933924794,1.0115788933924794,1.018991354876459,1.0190614570865908,1.01148094868713,1.0,50,672,grouped,32,6,6,0.5,0.7096525311107006,0.6964443080538466,8.261831283569336
1.4695829760277705,1.3951514096869988,1.009354099699255,1.009354099699255,1.0204351732162205,1.0192587820161447,1.0090534770726616,1.0,50,672,grouped,33,5,5,0.25,0.77791804970021,0.7471030900372936,7.273645401000977
1.4841111419581168,1.3967180024055068,1.0112197582104434,1.0112197582104434,1.025785541914771,1.0177785625951812,1.011002603969034,1.0,50,672,grouped,34,6,6,0.5,0.6071659447105473,0.7053338122242395,6.7514262199401855
1.539339759597441,1.4338392108682338,1.0107126308860337,1.0107126308860337,1.016243172145202,1.0161384749316809,1.0104476394873496,1.0,50,672,grouped,35,6,6,0.5,0.5610892153350053,0.5633166545680804,7.821066856384277
1.4196848172086656,1.3477572215509424,1.0127524045482617,1.0127524045482617,1.0218724740651401,1.0231080910095516,1.0138762393677845,1.0,50,672,grouped,36,5,5,0.5,0.6822164430291907,0.8485906571165481,7.147665023803711
1.4827192669731524,1.402160268875545,1.0117692289685911,1.0117692289685911,1.0196464958646105,1.0151068015220694,1.0099061841633135,1.0,50,672,grouped,37,6,6,0.25,0.5837287550685877,0.7122629792166929,7.276951551437378
1.4755671279436444,1.4112087863691594,1.012297591916108,1.012297591916108,1.0198678763055529,1.0226713391796394,1.0131319294996373,1.0,50,672,grouped,38,4,4,0.5,0.8708437568891317,0.5506928977318031,7.453385591506958
1.471287255584342,1.4139360812422515,1.0132884959006354,1.0132884959006354,1.017992084364767,1.0175900018433843,1.011990956761655,1.0,50,672,grouped,39,5,5,0.5,0.6259394608012135,0.5573888955799109,7.4326910972595215
1.4366717562587004,1.3798392910379862,1.0122336452109175,1.0122336452109175,1.0166674231704391,1.0161960407804047,1.0103468281224754,1.0,50,672,grouped,40,5,5,0.25,0.7376277262826998,0.7594785101411714,7.181101322174072
1.4651863953925859,1.4110772471623676,1.013710807687763,1.013710807687763,1.0226947027230586,1.016079753281299,1.0113832969554228,1.0,50,672,grouped,41,6,6,0.5,0.5943896501380199,0.7494858836829216,7.383524656295776
1.4403193133154628,1.3519793454269085,1.0118020626112134,1.0118020626112134,1.0186716965316496,1.0189982784828453,1.0117565626393863,1.0,50,672,grouped,42,5,5,0.5,0.7730322886239835,0.5483209565981495,8.062780141830444
1.4786625201584989,1.3944526853817858,1.0119412522637703,1.0119412522637703,1.018764080779708,1.0154401775571273,1.010423096312777,1.0,50,672,grouped,43,6,6,0.5,0.5527280808978775,0.6380297272596085,8.686986446380615
1.4482879451177635,1.377452816028747,1.0133121243360497,1.0133121243360497,1.0161241351491592,1.0157447111242133,1.0118756171262302,1.0,50,672,grouped,44,6,6,0.5,0.5696159753196302,0.5672907099964677,8.784721374511719
1.482228298984682,1.400680285569135,1.01042879265172,1.01042879265172,1.0197446375466308,1.011301689663782,1.0074835151087929,1.0,50,672,grouped,45,6,6,0.5,0.5943896501380199,0.6086790151506093,8.531980991363525
1.4760078006978103,1.3855380055793793,1.0109528302586592,1.0109528302586592,1.0179411358030834,1.0166265024739969,1.0103394789342932,1.0,50,672,grouped,46,6,6,0.5,0.5453883318361699,0.6727595717825253,7.906721591949463
1.5038866651658995,1.43353708554411,1.0112291057822809,1.0112291057822809,1.018593098800927,1.0161839364340346,1.0096273572542818,1.0,50,672,grouped,47,5,5,0.25,0.6881914122922091,0.5840407470288624,7.802304744720459
1.471541170506956,1.4146898569752957,1.0121959952025936,1.0121959952025936,1.0181389370661134,1.0190015800021002,1.0118676434039608,1.0,50,672,grouped,48,4,4,0.5,0.8045591172772931,0.7321967534056611,7.351635694503784
1.3898320414018337,1.2356572059075839,1.012466669007888,1.012466669007888,1.0173815313041,1.0156247071887103,1.0100113837866052,1.0,50,672,grouped,49,5,5,0.5,0.5740688563703833,0.5661087564685965,8.337209463119507
1.3131055395710782,1.0234896702414278,1.016356589217331,1.0127955228177108,1.0150200806030725,1.0141978155467106,1.0110421913192307,1.0,50,672,homogeneous,0,2,2,0.5,,,10.146952867507935
1.334435708770522,1.0281619175873802,1.0161332637323561,1.0162541616714942,1.018828409477241,1.012662422103326,1.0115982006065825,1.0,50,672,homogeneous,1,4,4,0.75,,,10.770357608795166
1.3117643997800033,1.0203739156137563,1.0162689348117517,1.0127550492846358,1.0192082366360715,1.0203739156137563,1.0127550492846358,1.0,50,672,homogeneous,2,1,1,0.5,,,7.3800976276397705
1.3164254502433612,1.0260377759178605,1.014622446335935,1.0130817636826144,1.0133880107555928,1.0151465309931205,1.0115043692886379,1.0,50,672,homogeneous,3,2,2,0.5,,,11.17833662033081
1.3212080471067749,1.0246281754092188,1.0154145585384704,1.01482460021765,1.018189603576589,1.0166908368901375,1.0123750253926105,1.0,50,672,homogeneous,4,2,2,0.5,,,9.327735662460327
1.3168466661347387,1.0280871274799406,1.0151979035720897,1.014988951376865,1.0159162155980648,1.0159272174940313,1.013335887034271,1.0,50,672,homogeneous,5,3,3,0.75,,,9.47725772857666
1.3175670009054068,1.023730188480083,1.014081878375803,1.012977780212584,1.0162426452406543,1.014324534060099,1.0119665845999748,1.0,50,672,homogeneous,6,3,3,0.5,,,10.486604928970337
1.3169058727387282,1.0239402802160933,1.0130516290185068,1.0130622865862258,1.0142032878359353,1.0126648148893922,1.010936119604143,1.0,50,672,homogeneous,7,3,3,0.75,,,10.857388019561768
1.2997048556555226,1.0246445391436882,1.0125329758221358,1.0125329758221358,1.01542196576684,1.0127892840980677,1.0107850299749046,1.0,50,672,homogeneous,8,4,4,0.25,,,10.090094566345215
1.3233360125030373,1.0245448704620663,1.0143002389737394,1.0127565897076927,1.0193888192561769,1.015615326285717,1.012888311082028,1.0,50,672,homogeneous,9,5,5,0.25,,,10.243610143661499
1.3409306126577192,1.025735766522864,1.0159847281253163,1.015533780860352,1.0222335941547378,1.0203954709922134,1.0143764632154275,1.0,50,672,homogeneous,10,2,2,0.5,,,9.863234996795654
1.3209770939479157,1.0248435615299385,1.0113959886162245,1.010828184431586,1.0143616336264627,1.0128461783570997,1.010182833409579,1.0,50,672,homogeneous,11,2,2,0.75,,,9.007680654525757
1.293201967912341,1.0208477210717235,1.01322535984742,1.0124807636425297,1.0163501296128208,1.015741783424311,1.0109962282460843,1.0,50,672,homogeneous,12,2,2,0.5,,,10.145913362503052
1.33576998096152,1.0243565933322047,1.015888069976639,1.013748040849536,1.015341472557635,1.0155337624581375,1.011770654914562,1.0,50,672,homogeneous,13,2,2,0.5,,,9.289295434951782
1.3409298044489835,1.0302418312328105,1.016601507794749,1.0151843013596298,1.0195801511465927,1.0163113576203524,1.0135954805254528,1.0,50,672,homogeneous,14,3,3,0.5,,,9.09741759300232
1.3163504662221879,1.018713308676034,1.0143236346028706,1.0117133921053807,1.016177738684692,1.0120813571927383,1.0100071790770655,1.0,50,672,homogeneous,15,2,2,0.5,,,9.685734033584595
1.3079187015093066,1.0216232328669124,1.0150273752203458,1.0131675370142834,1.0165432588611216,1.01779940422877,1.0146081278277883,1.0,50,672,homogeneous,16,2,2,0.75,,,10.991352081298828
1.3290180979669677,1.0255893635125433,1.0149327913433672,1.0158523013589125,1.0172266304195,1.0167467272576953,1.0124128596676465,1.0,50,672,homogeneous,17,2,2,0.5,,,9.793422222137451
1.3204665292126567,1.0260548706495995,1.0136805767896881,1.0144791823911585,1.0162783374718105,1.019619864273866,1.0132533798123786,1.0,50,672,homogeneous,18,2,2,0.5,,,9.58080005645752
1.3066572169452724,1.025742039197208,1.015023961869679,1.0127012262768693,1.021174179200067,1.0135640980706804,1.0110800416479926,1.0,50,672,homogeneous,19,5,5,0.5,,,10.156641244888306
1.3258320474295644,1.0281549197198634,1.0176815373953894,1.015538969780833,1.0195783973672488,1.0163023407358822,1.0129103670333828,1.0,50,672,homogeneous,20,2,2,0.5,,,10.659078359603882
1.329404824802563,1.028240569530942,1.0159995188397832,1.0145070663781153,1.020913299992912,1.0174351470036143,1.0142468169259546,1.0,50,672,homogeneous,21,5,5,0.5,,,9.107213497161865
1.3157029442715549,1.0279821982857043,1.013727665730341,1.013398631334729,1.0147280808349355,1.0144737751151423,1.0114081446357046,1.0,50,672,homogeneous,22,3,3,0.5,,,10.32850170135498
1.3166384972574365,1.0251608192979114,1.0143206903054165,1.01405298598058,1.0168205237213273,1.0136337811699758,1.010775822220483,1.0,50,672,homogeneous,23,3,3,0.5,,,10.457729578018188
1.3344013137465787,1.0230803759042721,1.0131324783733568,1.011537711945176,1.0142591259202727,1.0129767435917785,1.0103180569291634,1.0,50,672,homogeneous,24,3,3,0.5,,,9.442357063293457
1.3116842863357108,1.0287148492560179,1.0143910798242641,1.012442968647268,1.0127175623626175,1.013234087425809,1.0108360757084895,1.0,50,672,homogeneous,25,3,3,0.5,,,9.724594116210938
1.3241859338491493,1.0316376478443618,1.0143544748732378,1.0136852927962656,1.0191148474839649,1.0212847029203869,1.014533033885602,1.0,50,672,homogeneous,26,3,3,0.5,,,9.984527111053467
1.3276045973022865,1.0226966731415577,1.0178391591665739,1.0144176528313338,1.0199341745034411,1.0178853407184234,1.0145788708144157,1.0,50,672,homogeneous,27,3,3,0.5,,,12.421992063522339
1.3412990372307287,1.0318782840607768,1.0145123210045786,1.0142110619082856,1.0155787674332941,1.0171291934612656,1.0148651029240983,1.0,50,672,homogeneous,28,3,3,0.75,,,10.06563425064087
1.331733395590396,1.0304410123828245,1.0138526525186649,1.0132264063609193,1.0144719201931813,1.017062469907277,1.0114398740142878,1.0,50,672,homogeneous,29,2,2,0.5,,,9.472098112106323
1.3401200010107464,1.0191677763829174,1.0117461710079265,1.0107823298845042,1.0172386826029514,1.0156914376848891,1.0120201415244123,1.0,50,672,homogeneous,30,2,2,0.75,,,9.778018474578857
1.3200543028743599,1.0238568570444844,1.0138036786039213,1.0127849645935958,1.0185074205505498,1.0177398148574064,1.0117519088232485,1.0,50,672,homogeneous,31,2,2,0.5,,,10.395613431930542
1.3121132766788737,1.0231584565522949,1.013315045257987,1.0115949938972764,1.0158918910317096,1.0138795247624326,1.0108330863968333,1.0,50,672,homogeneous,32,2,2,0.25,,,8.494166851043701
1.3031530116465073,1.0210490196811153,1.0149011336701688,1.0109716949851009,1.016105775537891,1.016128277127723,1.0138073068106168,1.0,50,672,homogeneous,34,5,5,0.75,,,10.465994119644165
1.3167345391287275,1.0238402531189899,1.0128748356368207,1.0111308403409813,1.0217208007544207,1.0169532125645442,1.0131914273636022,1.0,50,672,homogeneous,33,2,2,0.75,,,12.049712181091309
1.313772944321452,1.0249664555244813,1.0136739094148868,1.0123335342897297,1.0160397463675994,1.016869089443174,1.0118558242718623,1.0,50,672,homogeneous,35,2,2,0.5,,,9.209574699401855
1.326450814190013,1.025125120013242,1.0126210195113594,1.0116637417102903,1.0138963845490483,1.0138494102300537,1.0101311123989825,1.0,50,672,homogeneous,36,2,2,0.5,,,9.577625751495361
1.3157290183542734,1.024632756207913,1.016350248064146,1.0146000699385598,1.0164173377599899,1.0185732034863906,1.013454815734839,1.0,50,672,homogeneous,37,2,2,0.5,,,10.500012397766113
1.3100425200816468,1.024160979917548,1.0167927062680142,1.014745820894782,1.0181009063963888,1.0160509370917794,1.014725534286142,1.0,50,672,homogeneous,38,5,5,0.75,,,10.484837055206299
1.3223640770296503,1.0221347893395267,1.015681106640023,1.0145293436016352,1.019583898148608,1.0221347893395267,1.0145293436016352,1.0,50,672,homogeneous,39,1,1,0.5,,,9.759869813919067
1.3285404607919538,1.0235091368457931,1.0125065186858966,1.013083585800306,1.0170244726287707,1.0143072428762834,1.0114827458392555,1.0,50,672,homogeneous,40,2,2,0.75,,,9.66377568244934
1.3311473714639301,1.0285636222684607,1.01422159969537,1.0162865482634706,1.0160522749342553,1.0169779756329262,1.0119406302065235,1.0,50,672,homogeneous,41,2,2,0.5,,,9.691761255264282
1.3315268817504216,1.02267580296895,1.0155188210985184,1.0134042977271425,1.0201293223095027,1.0166540666022683,1.012988636405235,1.0,50,672,homogeneous,42,3,3,0.5,,,10.684669494628906
1.327843568959021,1.0241801529099999,1.013313365859759,1.0127781271630572,1.013193201685623,1.0129727971800009,1.010393308275663,1.0,50,672,homogeneous,43,2,2,0.75,,,9.84311318397522
1.3437443884803646,1.0240692607859776,1.0174923700865768,1.0142462916418933,1.0191744068811441,1.0181368203332577,1.0143171300583396,1.0,50,672,homogeneous,44,2,2,0.25,,,10.616073846817017
1.3341200060117149,1.018087424758107,1.0160796825768827,1.0121246561238593,1.0163655225497519,1.013828574235975,1.0116190555175897,1.0,50,672,homogeneous,45,2,2,0.75,,,11.34902024269104
1.322193062485434,1.0273961167064278,1.0121534485183672,1.0112465408110223,1.0187652583284676,1.013868884960909,1.0104817629011587,1.0,50,672,homogeneous,46,4,4,0.5,,,10.293264389038086
1.3108608202744085,1.0224894735659846,1.0145806940871906,1.0133233747460182,1.0180654792025297,1.019360645077489,1.0131880026095028,1.0,50,672,homogeneous,47,2,2,0.5,,,10.248095512390137
1.3117263694462333,1.0250515191288243,1.017434351436049,1.0146999546923585,1.019276806482868,1.0199138217391654,1.0148906201574157,1.0,50,672,homogeneous,48,2,2,0.5,,,12.036803483963013
1.3284902912800347,1.025712693867085,1.0153087547384434,1.0146872327125616,1.0157392013217377,1.0177682761234517,1.0144287785486032,1.0,50,672,homogeneous,49,2,2,0.75,,,9.352466583251953
1.1697940853813318,1.1207978397179719,1.0140734487016567,1.0140734487016567,1.0369620178170516,1.031765541275154,1.0135658007111763,1.0,50,672,continuous,0,5,5,0.25,,,8.94773554801941
1.2224776005959495,1.158823450866794,1.0123971616712608,1.0123971616712608,1.0318886196322756,1.0337140286073068,1.012797112321243,1.0,50,672,continuous,1,5,5,0.25,,,10.734614372253418
1.241582335043499,1.1746950762043467,1.0128918865305683,1.0128918865305683,1.0376660183034248,1.0461792362454438,1.014794981940086,1.0,50,672,continuous,2,4,4,0.25,,,10.213119983673096
1.2517760644512899,1.1805412221106408,1.0120329857700663,1.0120329857700663,1.0355485016034855,1.0316839299809228,1.0108771168215107,1.0,50,672,continuous,3,5,5,0.25,,,8.632067680358887
1.1889093210298143,1.1247944557449863,1.013520629119115,1.013520629119115,1.0355693075772145,1.0354051213337778,1.013520629119115,1.0,50,672,continuous,4,5,5,0.0,,,10.739362955093384
1.2009323398939242,1.1326953962141095,1.014880149350486,1.014880149350486,1.0366825964732032,1.037096307427484,1.0157388798298166,1.0,50,672,continuous,5,6,6,0.25,,,11.067750692367554
1.1666558740279283,1.1164635478772456,1.0129123689837134,1.0129123689837134,1.0302349282799697,1.034404265133277,1.0133600217925465,1.0,50,672,continuous,6,5,5,0.25,,,10.369587182998657
1.2075761655767678,1.1571132089367437,1.0115486089222425,1.0115486089222425,1.0334395770129055,1.0285469779852727,1.0109328413605931,1.0,50,672,continuous,7,6,6,0.25,,,10.176194429397583
1.2255265479871027,1.161316917876055,1.012126940729558,1.012126940729558,1.03118578653523,1.0370398858618632,1.0134970245509216,1.0,50,672,continuous,8,5,5,0.25,,,9.61579942703247
1.2439896964130452,1.178291885294435,1.013073334685116,1.013073334685116,1.041097734380268,1.0429148959451113,1.0148564056705762,1.0,50,672,continuous,9,5,5,0.25,,,11.228748559951782
1.1978981563566824,1.158125173044524,1.017841747826769,1.017841747826769,1.0397794572183976,1.036881613264372,1.0170326516334875,1.0,50,672,continuous,10,5,5,0.25,,,9.85159158706665
1.2246304780046697,1.1663262041652196,1.0157991169571652,1.0157991169571652,1.0362873510390345,1.0454443622133762,1.0172607481284957,1.0,50,672,continuous,11,4,4,0.25,,,10.430293798446655
1.1832792017867453,1.1256748607731113,1.0138234845265783,1.0138234845265783,1.0441345658253505,1.039352934802733,1.0155275310807244,1.0,50,672,continuous,12,6,6,0.25,,,10.344149589538574
1.1949357362622413,1.1483168167213351,1.0139309244831003,1.0139309244831003,1.0255455564932932,1.0383475178915187,1.0143665656003331,1.0,50,672,continuous,13,4,4,0.25,,,10.235431432723999
1.1811739412477098,1.1205144611211841,1.0176543828727973,1.0176543828727973,1.0370527056356866,1.0403528003226155,1.018500969538736,1.0,50,672,continuous,14,5,5,0.25,,,11.009955167770386
1.2201254419487884,1.167944889372543,1.015378710301717,1.015378710301717,1.0331239861839123,1.03509838909804,1.015083158442525,1.0,50,672,continuous,15,6,6,0.25,,,11.118690967559814
1.2103032889247995,1.159150793776417,1.0132252498839023,1.0132252498839023,1.0348487724898394,1.0318569650433291,1.0132252498839023,1.0,50,672,continuous,16,6,6,0.0,,,9.883120059967041
1.1897827471185065,1.145139488226566,1.0135400596998292,1.0135400596998292,1.0324924125328396,1.0357875405529795,1.014567762886855,1.0,50,672,continuous,17,5,5,0.25,,,9.140920877456665
1.2336632930323248,1.1677867503529762,1.0111388253342208,1.0111388253342208,1.0338531127028503,1.0322306073080372,1.0108516865496457,1.0,50,672,continuous,18,6,6,0.25,,,9.888118028640747
1.2836263967471584,1.2084907827594176,1.0133451600358812,1.0133451600358812,1.039339617359566,1.0390243464847138,1.0142219589754897,1.0,50,672,continuous,19,6,6,0.25,,,11.224159717559814
1.196592276641044,1.126853338681219,1.0141168535453835,1.0141168535453835,1.0351156795913494,1.033255888075561,1.0141168535453835,1.0,50,672,continuous,20,6,6,0.0,,,10.612147808074951
1.1593819679266877,1.111557668833416,1.0140530362199338,1.0140530362199338,1.0341895950482025,1.034900691552489,1.0126951654697511,1.0,50,672,continuous,21,5,5,0.25,,,10.592788934707642
1.168776761156534,1.1077472371706822,1.0135810272328745,1.0135810272328745,1.038431554049766,1.0318361740940971,1.012409921398698,1.0,50,672,continuous,22,5,5,0.25,,,12.259556531906128
1.1902835963445528,1.1419064243699921,1.0128394085966241,1.0128394085966241,1.0246598351463259,1.0273112566088825,1.0125466293947905,1.0,50,672,continuous,23,6,6,0.25,,,10.339790344238281
1.1669132769899484,1.111640037235789,1.0129485730818073,1.0129485730818073,1.0303079462241194,1.03248808378043,1.0125969048599308,1.0,50,672,continuous,24,5,5,0.25,,,11.467346429824829
1.2075629724639478,1.1509661081709779,1.012842327876221,1.012842327876221,1.0315494756578691,1.0297202196838924,1.0125992126734307,1.0,50,672,continuous,25,5,5,0.25,,,10.11856460571289
1.2054884974941185,1.1483506257289717,1.0136579027769574,1.0136579027769574,1.0355105252395644,1.034956716255951,1.0136579027769574,1.0,50,672,continuous,26,6,6,0.0,,,9.253958702087402
1.2399026584329027,1.1811362361196331,1.0111152243340589,1.0111152243340589,1.02969557853575,1.0301632605733035,1.0110753505012506,1.0,50,672,continuous,27,6,6,0.25,,,9.580033302307129
1.187392749396401,1.1286812310739702,1.0141624956373991,1.0141624956373991,1.0325719699760358,1.033668331478574,1.0134038109065637,1.0,50,672,continuous,28,5,5,0.25,,,10.433026313781738
1.1628656273847127,1.1078843680010426,1.0136940491675,1.0136940491675,1.0351661312426275,1.034684133156976,1.0126985216158277,1.0,50,672,continuous,29,5,5,0.25,,,9.188089609146118
1.1720605504849142,1.1198116158317315,1.0126050136942182,1.0126050136942182,1.0294385338748782,1.02754278272053,1.012249059076986,1.0,50,672,continuous,30,6,6,0.25,,,9.618997812271118
1.1905662481093011,1.1280461019606414,1.009671323205758,1.009671323205758,1.0314294715903778,1.036130241877181,1.011232163531352,1.0,50,672,continuous,31,5,5,0.25,,,11.179742097854614
1.1839873409111874,1.143211110962594,1.0140976036103786,1.0140976036103786,1.0371179986546148,1.0367066089727393,1.0142036035172086,1.0,50,672,continuous,32,5,5,0.25,,,10.034990549087524
1.168842794281353,1.1245938557180812,1.0135273438031465,1.0135273438031465,1.0385419019141262,1.029154507588587,1.0127244433679112,1.0,50,672,continuous,33,6,6,0.25,,,10.616132020950317
1.1795081520115835,1.122881024705369,1.012246339122845,1.012246339122845,1.0392794715463927,1.0341459990942146,1.013057711396111,1.0,50,672,continuous,34,5,5,0.25,,,10.762657880783081
1.1927489657385153,1.1425839886375775,1.0135569204732267,1.0135569204732267,1.0345237950842887,1.0349073996777722,1.0131730509172048,1.0,50,672,continuous,35,5,5,0.25,,,10.514124393463135
1.2339331005171288,1.1723866737918345,1.0131813499302353,1.0131813499302353,1.0306819283444872,1.0290357706987179,1.0129621629806211,1.0,50,672,continuous,36,6,6,0.25,,,10.3824462890625
1.2186328456772413,1.1542561159255063,1.015236331828988,1.015236331828988,1.0385308696082978,1.0420371227737086,1.0155021170572922,1.0,50,672,continuous,37,5,5,0.25,,,10.637148380279541
1.2016337059347346,1.1327850671787218,1.0138025091000968,1.0138025091000968,1.0310254315452114,1.0304270083924214,1.0136774237083122,1.0,50,672,continuous,38,6,6,0.25,,,10.432127952575684
1.1610177971275644,1.1094616295532902,1.0147511908743907,1.0147511908743907,1.04049854737236,1.041009474244583,1.016752721036327,1.0,50,672,continuous,39,6,6,0.25,,,10.313085079193115
1.1823293146933722,1.1107203859656611,1.0141466027798498,1.0141466027798498,1.0372448101965406,1.0395929047238868,1.014105889622613,1.0,50,672,continuous,40,4,4,0.25,,,8.714734077453613
1.2220812178874334,1.153388166127995,1.0183031428117644,1.0183031428117644,1.0314244349581705,1.037401601839841,1.0176909893018002,1.0,50,672,continuous,41,4,4,0.25,,,9.833688259124756
1.1785263834737096,1.1218225183644719,1.010957651271823,1.010957651271823,1.0432087504480954,1.0376161435950404,1.010957651271823,1.0,50,672,continuous,42,6,6,0.0,,,10.896279573440552
1.2364027176959151,1.1843567239103685,1.0146234084637888,1.0146234084637888,1.0353866425060483,1.0328096756973248,1.0151025578620438,1.0,50,672,continuous,43,6,6,0.25,,,9.823359489440918
1.250174751817449,1.1815066030187478,1.0138150781909083,1.0138150781909083,1.0354182688606084,1.034189553216787,1.0138150781909083,1.0,50,672,continuous,44,6,6,0.0,,,9.724342823028564
1.2024928441711853,1.1446853195508802,1.0127481231256417,1.0127481231256417,1.031199815992752,1.0297942716707316,1.013064174942331,1.0,50,672,continuous,45,6,6,0.25,,,10.275401592254639
1.2463191070605977,1.166429882263159,1.0118190681106771,1.0118190681106771,1.0397474645758358,1.0354971793263508,1.0134051699551303,1.0,50,672,continuous,46,6,6,0.25,,,9.050750970840454
1.1746364733444405,1.1282455913087648,1.0152051265023463,1.0152051265023463,1.0403415404081848,1.0346723207004964,1.014868212847007,1.0,50,672,continuous,47,5,5,0.25,,,10.310444355010986
1.1940802960977364,1.143986774183162,1.011837183574993,1.011837183574993,1.0410004108898274,1.0323539647727118,1.0120731552808384,1.0,50,672,continuous,48,6,6,0.25,,,11.274776935577393
1.2301835126677814,1.1664393609236516,1.0138921725710595,1.0138921725710595,1.0418896686742476,1.0324591997631871,1.0129919511816388,1.0,50,672,continuous,49,6,6,0.25,,,11.55666470527649
1.5311031603335519,1.4500788447320763,1.0889818155838833,1.0889818155838833,1.0538610202526684,1.0410729921567254,1.0350482972935517,1.0,200,48,grouped,0,3,3,0.75,0.93156537607172,0.6100896435558691,43.10676884651184
1.4984265219750088,1.4200993307339478,1.0876811927301195,1.0876811927301195,1.0543186976500956,1.0475950915562635,1.039177405217494,1.0,200,48,grouped,1,3,3,0.75,0.9275433169046983,0.5419643109628793,34.17563533782959
1.48448494839743,1.414163302336439,1.0858472606744471,1.105680226800783,1.0439870080866451,1.0386010834362889,1.031958217593941,1.0,200,48,grouped,3,3,3,0.75,0.9547538112937669,0.9260383135308102,36.92040681838989
1.5407597813965843,1.463324944663802,1.089191987771643,1.089191987771643,1.060143651051832,1.0370878866181727,1.0315361151945475,1.0,200,48,grouped,2,3,3,0.75,0.9582035391506551,0.5495862345335522,37.31778907775879
1.4746074179049353,1.3973183269154887,1.0906887250878712,1.0906887250878712,1.0537668688170432,1.0461774770201626,1.038303408163301,1.0,200,48,grouped,4,3,3,0.75,0.9261971565792796,0.6536745002804497,37.76844787597656
1.4902091147908878,1.4302766749606872,1.077578750421297,1.077578750421297,1.0458640162613675,1.0427123632444257,1.034621746837867,1.0,200,48,grouped,5,3,3,0.75,0.9159415344689613,0.8768024613243603,37.96514439582825
1.4984587832357024,1.430233059608754,1.0837513436692892,1.0837513436692892,1.0467978062007028,1.034772739401647,1.0301597729875522,1.0,200,48,grouped,6,3,3,0.75,0.9579451352739251,0.6175641214324582,38.15312933921814
1.4550113793158121,1.3802565830599307,1.0907150107373713,1.0907150107373713,1.0447154601481143,1.0407780986325248,1.0350139018134206,1.0,200,48,grouped,7,3,3,0.75,0.9693458130833654,0.9231658781143718,37.971901416778564
1.5184392775254187,1.4425734074916083,1.0874979898295394,1.0874979898295394,1.0432575130098467,1.041976347649912,1.034823837134497,1.0,200,48,grouped,8,3,3,0.75,0.9428708133971292,0.9292605617180626,36.26857304573059
1.468815753226091,1.4010638744193666,1.089844253028827,1.089844253028827,1.0409715286546593,1.0354648502587465,1.029740087793951,1.0,200,48,grouped,9,3,3,0.75,0.958209902557724,0.9185420333852815,36.42071890830994
1.4972842400371544,1.4164099687172484,1.0872045167220308,1.0872045167220308,1.065332580979193,1.0400179383947437,1.0347124057731902,1.0,200,48,grouped,11,3,3,0.75,0.9547260390807664,0.5257501105158021,33.90882349014282
1.5058411119219428,1.4400484587284532,1.0873641870576636,1.0873641870576636,1.0486104547345787,1.0356145093267048,1.031867135871186,1.0,200,48,grouped,10,4,4,0.75,0.8157552250200265,0.5488107057677752,34.155120849609375
1.5153788930877117,1.4490239738022768,1.0957476680342562,1.0957476680342562,1.0676755516417995,1.0397589100887645,1.0345360510413766,1.0,200,48,grouped,12,3,3,0.75,0.9574688001376592,0.5163933835350553,37.433101415634155
1.5061953031082953,1.4226403759003998,1.083827511437973,1.083827511437973,1.0458533056832078,1.0388697897092352,1.0388697897092352,1.0,200,48,grouped,13,3,3,1.0,0.9553526300878152,0.8991687221629494,37.7006630897522
1.5160683920100249,1.4321608823204262,1.0816129282000053,1.0816129282000053,1.0492292752791754,1.043115867855004,1.0343678646554637,1.0,200,48,grouped,14,3,3,0.75,0.9721556517572496,0.9449747097325693,35.54058647155762
1.4709220873259252,1.3966105145536576,1.083740648029257,1.083740648029257,1.0385623940300677,1.0326801866381414,1.0326801866381414,1.0,200,48,grouped,15,3,3,1.0,0.9840077154142567,0.9373129932152834,35.23069620132446
1.4502671366170685,1.3811502689794202,1.094254607853788,1.1023575641804109,1.0610517071826568,1.0402483297537952,1.035484626218558,1.0,200,48,grouped,16,3,3,0.75,0.9222279356643385,0.8219931191739075,35.29926013946533
1.47734329456292,1.4021875327004443,1.0872805893429944,1.0872805893429944,1.0566368268947661,1.0481347003969734,1.045164435093362,1.0,200,48,grouped,17,3,3,0.5,0.9246413506857555,0.6556811268596521,35.29114818572998
1.4832197453029277,1.4149183019733085,1.0898864912926598,1.0898864912926598,1.0376010867116605,1.035711264317652,1.0313910058907385,1.0,200,48,grouped,18,3,3,0.75,0.9409167448762319,0.9267281922652235,38.260607957839966
1.5177645635848056,1.444878447491594,1.0894339421666301,1.1205674479119183,1.0614854311926827,1.0369036979118371,1.0320230421978893,1.0,200,48,grouped,19,3,3,0.75,0.9437303043380786,0.5998958573149209,38.3444983959198
1.4654967874174891,1.3770767027700634,1.0866721051812251,1.0866721051812251,1.0429642072162288,1.0395629445231391,1.0323578186867497,1.0,200,48,grouped,20,3,3,0.75,0.9378848310753605,0.9228369279096623,38.45706820487976
1.4814129662003417,1.405518863933043,1.0794702698592196,1.0794702698592196,1.0383659297590782,1.0358545082788988,1.0314402840480974,1.0,200,48,grouped,21,3,3,0.75,0.9569237695368006,0.9429598480822119,38.339176416397095
1.4788968448257303,1.4060230991349498,1.088073908106355,1.088073908106355,1.0511894343827402,1.0486587818932245,1.0395245681890006,1.0,200,48,grouped,22,3,3,0.75,0.8840797453713672,0.8682875833905508,35.62714338302612
1.4767337714975155,1.404508521329561,1.0806919108632989,1.0806919108632989,1.0426742996708456,1.0370298151590356,1.029971518091242,1.0,200,48,grouped,23,3,3,0.75,0.9534285045635384,0.9089903823182094,35.77662181854248
1.4943816723503554,1.4308132632153203,1.0786691415457328,1.104763213744631,1.050586896258048,1.0443209763591161,1.0362083744319026,1.0,200,48,grouped,24,3,3,0.75,0.9413621704178968,0.6890255060908961,35.94182753562927
1.4775394029314783,1.3984401703268485,1.0932753215709334,1.109720588344379,1.0508572589398253,1.043751598745089,1.0381853000725072,1.0,200,48,grouped,25,3,3,0.75,0.9387723244514123,0.8795324279139124,35.80104088783264
1.4521957023347098,1.3732568147067654,1.0801971579693452,1.092694244119431,1.038147430178179,1.0401581864516571,1.0339012968159254,1.0,200,48,grouped,26,3,3,0.75,0.9367957775495857,0.9367957775495857,38.333269357681274
1.4853145618715067,1.4230859214625342,1.0905998606296177,1.0905998606296177,1.0528979974413122,1.046543600706847,1.039670743449053,1.0,200,48,grouped,27,3,3,0.75,0.9418436780120164,0.9129926901507901,38.37772464752197
1.5025729376111798,1.4205798800464022,1.0841820387654157,1.0841820387654157,1.0505010598363094,1.0420559699814969,1.036129713458708,1.0,200,48,grouped,28,3,3,0.75,0.940186855280425,0.631375648400063,32.22417640686035
1.4886187213453068,1.416204294965539,1.0839774357334049,1.0839774357334049,1.0458590163656798,1.0411881881860623,1.0335791263390315,1.0,200,48,grouped,29,3,3,0.75,0.9582605351577929,0.9186770993519857,32.23175549507141
1.4945405167359254,1.4361897219179085,1.0827972271335782,1.0827972271335782,1.0486294702817132,1.038088574674434,1.0341100446991887,1.0,200,48,grouped,31,3,3,0.75,0.9416505895658713,0.8601290594541964,34.634273052215576
1.4905173350232777,1.3883877171665553,1.0856311430366334,1.0856311430366334,1.0490602259014126,1.0456942017375905,1.038180220073283,1.0,200,48,grouped,30,3,3,0.75,0.9199686788620635,0.6591451312368427,34.96496868133545
1.4689112401130628,1.397503461678495,1.0853451394751281,1.0853451394751281,1.0519782553767016,1.0489710948206474,1.0400241244210884,1.0,200,48,grouped,32,3,3,0.75,0.927797859472719,0.900855085130405,38.89387083053589
1.5135471003076828,1.4482955573945033,1.0894013528817819,1.0894013528817819,1.059437868883046,1.0371404688829449,1.032089693659219,1.0,200,48,grouped,33,3,3,0.75,0.9593565707166679,0.8789550231082828,38.868961334228516
1.4967178650051876,1.4270364487105607,1.1013189272595414,1.1013189272595414,1.0506768880556498,1.0464926901361642,1.0418849683467892,1.0,200,48,grouped,34,3,3,0.75,0.9014144525070238,0.8752915539777789,37.70342016220093
1.4713993155061271,1.396117243188623,1.0881212367754691,1.1083952918849278,1.050163088931555,1.0434962810448103,1.0434962810448103,1.0,200,48,grouped,35,3,3,1.0,0.9231427905739529,0.819911850399188,37.536147356033325
1.4966399405502295,1.4349312267080512,1.0904683239451236,1.0904683239451236,1.0516224505274752,1.0404295313852843,1.034657810030954,1.0,200,48,grouped,36,3,3,0.75,0.9850727614230966,0.568879012056184,38.390198945999146
1.519290288336259,1.4565513164927468,1.0793016981263692,1.0793016981263692,1.0357761070941085,1.0393747504162063,1.0353590173027174,1.0,200,48,grouped,37,5,5,0.75,0.6382975239961143,0.79557392168999,38.44856810569763
1.4820439192598653,1.4034382302254258,1.084267699752068,1.084267699752068,1.0383577301701492,1.0330039396148993,1.0282198545976013,1.0,200,48,grouped,39,3,3,0.75,0.9698485264106664,0.9394149918671035,38.01300621032715
1.4922166715980754,1.4207022844219053,1.077108372428657,1.077108372428657,1.0456255757076234,1.0452299791855362,1.040972625394692,1.0,200,48,grouped,38,6,6,0.75,0.6217792249440287,0.58143862113468,38.15108823776245
1.4677174062151,1.381095115916037,1.0814328824576216,1.0814328824576216,1.035938507994761,1.0320179182548634,1.0281620303629273,1.0,200,48,grouped,41,3,3,0.75,1.0,0.967851745449585,39.44027304649353
1.4950362056712072,1.4366957138220842,1.0871401261132527,1.0871401261132527,1.0438380609445657,1.0464173673917947,1.0389308054562065,1.0,200,48,grouped,40,3,3,0.75,0.9380419914954071,0.6990004153267184,39.59371280670166
1.4597764508267745,1.3788269248921894,1.0866492604838174,1.10091404676213,1.0767548312039008,1.0450179908952069,1.0379550447311046,1.0,200,48,grouped,42,3,3,0.75,0.9375628304995683,0.5292055476701074,42.08821225166321
1.4942181566921275,1.4056696937209707,1.0743266567732195,1.0972136488142772,1.0430472751773345,1.0386562480270976,1.0313354303617708,1.0,200,48,grouped,43,3,3,0.75,0.9531998346250907,0.9088676301317477,42.26163697242737
1.4792636766986886,1.4027134169917022,1.0892142216556824,1.0892142216556824,1.04882749120876,1.042848306972725,1.0362024350068024,1.0,200,48,grouped,44,3,3,0.75,0.9396091442758124,0.9106933111375403,40.77511191368103
1.528342021891388,1.4532458206293364,1.0923391974263623,1.0923391974263623,1.0492802231118978,1.0314403043530518,1.0298832871069474,1.0,200,48,grouped,45,4,4,0.75,0.7765095256604757,0.5507271989890621,40.68290328979492
1.5125709455706067,1.4475760202082852,1.0809082331996929,1.0809082331996929,1.0516139323173368,1.0384167812187255,1.0347247244787847,1.0,200,48,grouped,46,3,3,0.5,0.9729567692552984,0.5433985116727396,36.48501896858215
1.478361424221819,1.4088143228851,1.0888667616830898,1.0888667616830898,1.0446125520294522,1.0352379952791104,1.0297299683333827,1.0,200,48,grouped,47,3,3,0.75,0.9700038858602408,0.8990722365774022,36.340765953063965
1.5193148137935164,1.4442681399258166,1.07870063181771,1.07870063181771,1.0472431059572618,1.0395353800852556,1.0332374027848652,1.0,200,48,grouped,48,3,3,0.75,0.9271244062080424,0.8997438365668464,34.83624053001404
1.5032694437137835,1.4293292381895386,1.0719753603778348,1.0719753603778348,1.0399674464833768,1.0334471916354822,1.0334471916354822,1.0,200,48,grouped,49,3,3,1.0,0.9849693040329469,0.9412754306809861,34.84330081939697
1.3283329526211791,1.02681099793067,1.089262924585066,1.02681099793067,1.02681099793067,1.02681099793067,1.02681099793067,1.0,200,48,homogeneous,1,1,1,1.0,,,40.21498155593872
1.3345364536620092,1.0291426588947437,1.0871462101980298,1.0291426588947437,1.0291426588947437,1.0291426588947437,1.0291426588947437,1.0,200,48,homogeneous,0,1,1,1.0,,,40.49813175201416
1.3301100775303616,1.0289357509333839,1.0905184594085369,1.0289357509333839,1.0289357509333839,1.0289357509333839,1.0289357509333839,1.0,200,48,homogeneous,3,1,1,1.0,,,40.230308055877686
1.3153032853982993,1.0249079304922335,1.095074528870839,1.0240805825914239,1.0249079304922335,1.0249079304922335,1.0240805825914239,1.0,200,48,homogeneous,2,1,1,0.75,,,40.48009991645813
1.3205925859419896,1.0241519341790721,1.0781987084080937,1.0214510218468154,1.0241519341790721,1.0241519341790721,1.0214510218468154,1.0,200,48,homogeneous,4,1,1,0.75,,,41.05794095993042
1.3163862280194423,1.0268015182484138,1.0919718284088937,1.025633921945143,1.039565281319965,1.0268015182484138,1.025633921945143,1.0,200,48,homogeneous,5,1,1,0.75,,,41.05701780319214
1.3221724242989852,1.0253765050993449,1.0938293462954503,1.0253765050993449,1.0253765050993449,1.0253765050993449,1.0253765050993449,1.0,200,48,homogeneous,6,1,1,1.0,,,37.56614971160889
1.3243330979680399,1.0255349325736485,1.094185006985685,1.02503086010176,1.0255349325736485,1.0255349325736485,1.02503086010176,1.0,200,48,homogeneous,7,1,1,0.75,,,37.760703325271606
1.3147042650270304,1.0249684377878485,1.091666693276694,1.0243000376671814,1.0249684377878485,1.0249684377878485,1.0243000376671814,1.0,200,48,homogeneous,9,1,1,0.75,,,38.317280530929565
1.3199141870396467,1.0274983722351543,1.095088270478673,1.0274983722351543,1.0274983722351543,1.0274983722351543,1.0274983722351543,1.0,200,48,homogeneous,8,1,1,1.0,,,38.734538078308105
1.3240391154739006,1.0298810987520937,1.101235814326079,1.0285978402822795,1.0298810987520937,1.0298810987520937,1.0285978402822795,1.0,200,48,homogeneous,10,1,1,0.75,,,40.73644185066223
1.3230912343319297,1.0272293876302956,1.1005906901087097,1.0259290826536325,1.0272293876302956,1.0272293876302956,1.0259290826536325,1.0,200,48,homogeneous,11,1,1,0.75,,,40.70266628265381
1.3232419687900208,1.0227339476999615,1.0911437092983918,1.0227339476999615,1.0227339476999615,1.0227339476999615,1.0227339476999615,1.0,200,48,homogeneous,13,1,1,1.0,,,39.019570112228394
1.319465894628053,1.0263810619991862,1.0911752340391847,1.0248860872555128,1.034911987165384,1.0263810619991862,1.0248860872555128,1.0,200,48,homogeneous,12,1,1,0.75,,,39.48234581947327
1.3131585372159837,1.0259833286740119,1.089845001645093,1.0259833286740119,1.0259833286740119,1.0259833286740119,1.0259833286740119,1.0,200,48,homogeneous,14,1,1,1.0,,,43.412508964538574
1.318408735299548,1.025422709131723,1.094295386492317,1.025422709131723,1.025422709131723,1.025422709131723,1.025422709131723,1.0,200,48,homogeneous,15,1,1,1.0,,,43.351115465164185
1.3247963401725964,1.0265920580079473,1.0867674311292976,1.0265920580079473,1.0265920580079473,1.0265920580079473,1.0265920580079473,1.0,200,48,homogeneous,16,1,1,1.0,,,42.58246421813965
1.3215140407649189,1.0240177952878715,1.097241003603149,1.0240177952878715,1.0240177952878715,1.0240177952878715,1.0240177952878715,1.0,200,48,homogeneous,17,1,1,1.0,,,42.29084253311157
1.3178775803751186,1.0235000557324299,1.095627817523553,1.0235000557324299,1.0235000557324299,1.0235000557324299,1.0235000557324299,1.0,200,48,homogeneous,19,1,1,1.0,,,40.58223295211792
1.3158883122001328,1.0273810410763125,1.0962276945888358,1.027485371556365,1.0273810410763125,1.0273810410763125,1.027485371556365,1.0,200,48,homogeneous,18,1,1,0.75,,,40.614614725112915
1.322229459679103,1.0246076418028391,1.0926175528095192,1.0246076418028391,1.0246076418028391,1.0246076418028391,1.0246076418028391,1.0,200,48,homogeneous,21,1,1,1.0,,,41.435821771621704
1.3211171362802019,1.025527301662914,1.0873898425496729,1.025527301662914,1.025527301662914,1.025527301662914,1.025527301662914,1.0,200,48,homogeneous,20,1,1,1.0,,,41.46410918235779
1.320841238652291,1.027430460526807,1.093868339135763,1.026889220205356,1.027430460526807,1.027430460526807,1.026889220205356,1.0,200,48,homogeneous,22,1,1,0.75,,,40.29802441596985
1.3193811202953285,1.0253046027755826,1.0986155775029816,1.0237211421826593,1.0253046027755826,1.0253046027755826,1.0237211421826593,1.0,200,48,homogeneous,23,1,1,0.75,,,40.32021617889404
1.3108173288285763,1.02454932530914,1.0970892321654118,1.02454932530914,1.02454932530914,1.02454932530914,1.02454932530914,1.0,200,48,homogeneous,25,1,1,1.0,,,44.38997960090637
1.307197172584776,1.0251860394184318,1.0975943551712413,1.0251860394184318,1.0251860394184318,1.0251860394184318,1.0251860394184318,1.0,200,48,homogeneous,24,1,1,1.0,,,44.47395181655884
1.330928998916466,1.0247881887500592,1.0971617203499056,1.0247881887500592,1.0247881887500592,1.0247881887500592,1.0247881887500592,1.0,200,48,homogeneous,26,1,1,1.0,,,35.20175814628601
1.3166441122552237,1.0241302858993466,1.091322445495118,1.0227738183888895,1.0241302858993466,1.0241302858993466,1.0227738183888895,1.0,200,48,homogeneous,27,1,1,0.75,,,35.68190121650696
1.3231671467350765,1.025950846073329,1.102086800403891,1.025950846073329,1.025950846073329,1.025950846073329,1.025950846073329,1.0,200,48,homogeneous,29,1,1,1.0,,,40.10188031196594
1.3143016846432682,1.027427434400379,1.0984991655013425,1.0259240363939983,1.027427434400379,1.027427434400379,1.0259240363939983,1.0,200,48,homogeneous,28,1,1,0.75,,,40.71710801124573
1.3163153288512317,1.0267051985002924,1.092339896928997,1.0267051985002924,1.0267051985002924,1.0267051985002924,1.0267051985002924,1.0,200,48,homogeneous,30,1,1,1.0,,,39.867475748062134
1.3207240440552601,1.0246105496387368,1.0952459356564321,1.0246190843187113,1.0246105496387368,1.0246105496387368,1.0246190843187113,1.0,200,48,homogeneous,31,1,1,0.75,,,39.85166358947754
1.329770706537978,1.0246983567223051,1.0973339629982737,1.0246983567223051,1.0246983567223051,1.0246983567223051,1.0246983567223051,1.0,200,48,homogeneous,33,1,1,1.0,,,40.84890532493591
1.3204742149345852,1.0263996756711238,1.1062600749401044,1.0263996756711238,1.0263996756711238,1.0263996756711238,1.0263996756711238,1.0,200,48,homogeneous,32,1,1,1.0,,,41.16169762611389
1.3132665182186287,1.0255696970321668,1.0933745157299188,1.0255696970321668,1.0255696970321668,1.0255696970321668,1.0255696970321668,1.0,200,48,homogeneous,35,1,1,1.0,,,36.97046375274658
1.3095382034234442,1.0238745042870085,1.0925441517428307,1.0238745042870085,1.0238745042870085,1.0238745042870085,1.0238745042870085,1.0,200,48,homogeneous,34,1,1,1.0,,,37.26789212226868
1.3129460677565432,1.0250470752315504,1.0942046749967642,1.0250470752315504,1.0250470752315504,1.0250470752315504,1.0250470752315504,1.0,200,48,homogeneous,36,1,1,1.0,,,39.99163007736206
1.3224662801184914,1.0279304563360288,1.099896031575769,1.0269556455012216,1.0279304563360288,1.0279304563360288,1.0269556455012216,1.0,200,48,homogeneous,37,1,1,0.75,,,40.11180305480957
1.3132196856043072,1.0274398150530026,1.0933979379672374,1.0247807630193821,1.0274398150530026,1.0274398150530026,1.0247807630193821,1.0,200,48,homogeneous,38,1,1,0.75,,,40.948217153549194
1.3175635338660123,1.0259371048619932,1.0908954961841633,1.0259371048619932,1.0259371048619932,1.0259371048619932,1.0259371048619932,1.0,200,48,homogeneous,39,1,1,1.0,,,40.89644694328308
1.328977629560238,1.0269362423379325,1.0940058246651434,1.0247657499164406,1.0269362423379325,1.0269362423379325,1.0247657499164406,1.0,200,48,homogeneous,40,1,1,0.75,,,42.656590700149536
1.3248366052963993,1.0280993729316394,1.0983273955282642,1.0276114954590332,1.0280993729316394,1.0280993729316394,1.0276114954590332,1.0,200,48,homogeneous,41,1,1,0.75,,,42.55725979804993
1.325137553625448,1.0257148274346637,1.0858683955936677,1.0257148274346637,1.0257148274346637,1.0257148274346637,1.0257148274346637,1.0,200,48,homogeneous,42,1,1,1.0,,,41.67471623420715
1.3201440086490668,1.0272610494045382,1.0889372784202822,1.0272610494045382,1.0272610494045382,1.0272610494045382,1.0272610494045382,1.0,200,48,homogeneous,43,1,1,1.0,,,42.0274453163147
1.3266795182373854,1.0255135241505393,1.1018945592237286,1.0255135241505393,1.0255135241505393,1.0255135241505393,1.0255135241505393,1.0,200,48,homogeneous,45,1,1,1.0,,,45.66780424118042
1.3182578981966746,1.02687641124811,1.0866567266901068,1.0244566714786703,1.02687641124811,1.02687641124811,1.0244566714786703,1.0,200,48,homogeneous,44,1,1,0.75,,,46.09378457069397
1.336088136496514,1.0271168134352815,1.1018821674371253,1.0258676658421875,1.0271168134352815,1.0271168134352815,1.0258676658421875,1.0,200,48,homogeneous,46,1,1,0.75,,,44.820754528045654
1.31916391874936,1.0257761626290787,1.0776273534980618,1.0257761626290787,1.0257761626290787,1.0257761626290787,1.0257761626290787,1.0,200,48,homogeneous,47,1,1,1.0,,,44.80058550834656
1.3226376585493036,1.0235554595677834,1.0970194395587913,1.023224775585175,1.0235554595677834,1.0235554595677834,1.023224775585175,1.0,200,48,homogeneous,49,1,1,0.75,,,41.038959980010986
1.3189820191361432,1.0250362067691239,1.0938429357139479,1.0238215774962471,1.0357386077612576,1.0250362067691239,1.0238215774962471,1.0,200,48,homogeneous,48,1,1,0.75,,,41.342543601989746
1.1979287207534997,1.1429749508087983,1.0863467076596618,1.0762284988426225,1.0959958689318041,1.0826371563944792,1.0621387629163097,1.0,200,48,continuous,1,2,2,0.75,,,56.39164400100708
1.219033706731973,1.1606431854817894,1.1034031714309012,1.081093734880009,1.0994272754542307,1.0800764283533004,1.0716837627828781,1.0,200,48,continuous,0,6,6,0.75,,,56.75251340866089
1.2101369906557031,1.1517267493362031,1.0880209420104734,1.0699629650604663,1.0949837990688083,1.0836448133463357,1.055758734992171,1.0,200,48,continuous,3,2,2,0.5,,,46.10623598098755
1.2009544872100437,1.1449294931754406,1.0912470507331669,1.0828772281696948,1.0835396000065338,1.081874487533445,1.0589694180034752,1.0,200,48,continuous,2,2,2,0.5,,,46.34993624687195
1.2180509843296456,1.156031619870314,1.087709097862961,1.0705123276202675,1.0898710276689254,1.0862393095974021,1.0547016815515315,1.0,200,48,continuous,5,2,2,0.5,,,43.97745180130005
1.2083032247610554,1.1577005673661274,1.094313225959803,1.0747081708004391,1.079696750183988,1.0710913048725756,1.0598812384583738,1.0,200,48,continuous,4,5,5,0.75,,,44.183157444000244
1.2070913361037672,1.156911400033779,1.0989956941812908,1.0913623518661735,1.113686471938131,1.0702529210652165,1.0620914424090826,1.0,200,48,continuous,6,5,5,0.75,,,50.6417977809906
1.2260906406413026,1.1652741659210735,1.0953317728358614,1.077352346330702,1.090374432548313,1.0827520233987615,1.0674071925837696,1.0,200,48,continuous,7,5,5,0.5,,,50.51598238945007
1.1713056816222487,1.124785686664093,1.0956208081128331,1.0729640275965358,1.1014710466466322,1.0853184474767839,1.0721296480746774,1.0,200,48,continuous,8,5,5,0.75,,,45.8792884349823
1.2072089651552278,1.1505445591946715,1.1012401490884727,1.0843971928358263,1.0979864932571932,1.0919246891353762,1.0630117217275388,1.0,200,48,continuous,9,2,2,0.5,,,45.856863498687744
1.2144443011984727,1.1609593352373457,1.0875618586389275,1.0746778791608262,1.0813735215319948,1.0748003395231758,1.0579009113474658,1.0,200,48,continuous,11,3,3,0.75,,,56.54492974281311
1.200294202662395,1.1456632135871176,1.095786067739372,1.0812427911858211,1.1003379820751074,1.0738541995508908,1.0615330075057376,1.0,200,48,continuous,10,4,4,0.75,,,56.90881085395813
1.2185533340757213,1.1623846820633463,1.090241041745311,1.0741089374515864,1.0863183705274047,1.094767916195532,1.0633863583063812,1.0,200,48,continuous,12,2,2,0.5,,,55.060725927352905
1.1914753956450603,1.1374640873343531,1.0927707125000958,1.0781902250166058,1.0974481549002304,1.0862778927995327,1.0653919416810886,1.0,200,48,continuous,13,2,2,0.75,,,55.011372804641724
1.1988106555255622,1.1478803128206367,1.0994953792621296,1.0740698180004509,1.1032007629812384,1.0796656178651307,1.0668038324882376,1.0,200,48,continuous,15,5,5,0.75,,,59.64798402786255
1.1739524794409786,1.129218438234885,1.1068074721766155,1.079395023929901,1.0932003399010526,1.0872521738813952,1.064475742141313,1.0,200,48,continuous,14,2,2,0.5,,,59.86438250541687
1.2139097882632301,1.1561094526546447,1.079737031641022,1.0686663328316504,1.0737861326009341,1.0835956306488348,1.0647968188844634,1.0,200,48,continuous,16,2,2,0.75,,,53.70254039764404
1.2029632790117704,1.1455798088679772,1.0867334600637013,1.0664278857412637,1.0756021842435293,1.0917809705474595,1.05738482107085,1.0,200,48,continuous,17,2,2,0.5,,,53.90331053733826
1.1985347729762377,1.1358868874476684,1.0890126482271911,1.0680313312225111,1.0945728932508845,1.0802811135219546,1.0642902405425736,1.0,200,48,continuous,19,3,3,0.75,,,60.865986347198486
1.187195249955302,1.1286069625131465,1.094758276053861,1.0766558853308559,1.087344335182666,1.0818233777269048,1.0664485360653388,1.0,200,48,continuous,18,4,4,0.75,,,61.13654327392578
1.1969264455907231,1.1383371472832982,1.0879312757078445,1.0671824443719578,1.085522766755529,1.0757994604590535,1.0547570255971035,1.0,200,48,continuous,21,3,3,0.5,,,80.30507850646973
1.1837113016653207,1.1403982380344497,1.0952672008318551,1.0783704235921343,1.0897430436662117,1.0874807925551784,1.0585143103494996,1.0,200,48,continuous,20,2,2,0.5,,,80.61291742324829
1.1834060472430454,1.134557378431457,1.098866952520918,1.0762573467593008,1.0905194147370505,1.0898256284759027,1.0738556505204921,1.0,200,48,continuous,23,3,3,0.75,,,58.65651202201843
1.1976700268582614,1.1453013184128331,1.0994925645105729,1.0786681677020373,1.0850882377143318,1.0782525042974822,1.0668943118629755,1.0,200,48,continuous,22,4,4,0.75,,,59.01028633117676
1.2004790369688307,1.1418977795606169,1.0966704580589046,1.0735121518258057,1.0929433663099413,1.0737192199389094,1.0616627645421752,1.0,200,48,continuous,24,4,4,0.5,,,52.258137464523315
1.181870207055966,1.1243531505371689,1.0968919965344015,1.0734443008739045,1.079725522790191,1.0794532931085337,1.0555788207068169,1.0,200,48,continuous,25,2,2,0.5,,,52.257837533950806
1.2031518187756916,1.1512012424306923,1.0855254189106933,1.068350368007299,1.089184977535236,1.0782445135014649,1.0559047695042092,1.0,200,48,continuous,26,3,3,0.5,,,50.260136127471924
1.2006822674748636,1.1432042921127339,1.0923482563825204,1.0696066903033288,1.0861547855366174,1.098099542781418,1.0614127559417172,1.0,200,48,continuous,27,2,2,0.5,,,50.17373323440552
1.2054756573152774,1.1475013088650319,1.095554918283775,1.0732752884536312,1.0934968578132005,1.0697805738917259,1.059353736494451,1.0,200,48,continuous,28,5,5,0.5,,,52.95047163963318
1.1984145977040461,1.138988652848941,1.0975492312797894,1.079605397532226,1.0920805099579955,1.0902051057018196,1.0620286702346087,1.0,200,48,continuous,29,2,2,0.5,,,53.086708545684814
1.191964957879745,1.1409202983592068,1.0960047675845843,1.0815596878353344,1.0887933778881507,1.0780547514145564,1.0616823428149185,1.0,200,48,continuous,31,3,3,0.75,,,57.78585863113403
1.1981452764617724,1.1390153719500138,1.0891821882274753,1.0673349814440636,1.081383716945531,1.0827577397920363,1.062372863115287,1.0,200,48,continuous,30,4,4,0.5,,,57.971136808395386
1.2138206070152506,1.155335374267589,1.093591270806959,1.0750532076340906,1.0847632395214133,1.080247770260896,1.0574838251240033,1.0,200,48,continuous,32,2,2,0.5,,,50.26700305938721
1.1921553215374683,1.1409106914370777,1.1015171308281755,1.0743492443144187,1.0917340273816198,1.0731272369605205,1.062796565570922,1.0,200,48,continuous,33,4,4,0.75,,,50.442622423172
1.2085166085059327,1.1558313681660064,1.0945658512221212,1.0750943480569572,1.0877875817439737,1.0816281705610402,1.0691312619103757,1.0,200,48,continuous,35,6,6,0.75,,,77.79485082626343
1.210799640811692,1.1525948247062048,1.092207712523504,1.0730784720083684,1.093378413037634,1.0684808519325726,1.0541359381005186,1.0,200,48,continuous,34,3,3,0.5,,,78.07082414627075
1.2175882995781724,1.1574429241164033,1.0882245683737888,1.0709533935624296,1.080808158809392,1.07160531433023,1.0574984265046041,1.0,200,48,continuous,36,4,4,0.75,,,53.28431534767151
1.1986136533258538,1.1512773680054904,1.0886608396752386,1.07053905936532,1.081954586620133,1.0852885106578773,1.0675295363212913,1.0,200,48,continuous,37,3,3,0.75,,,53.3125786781311
1.198164231512365,1.1387619633730497,1.1051036284441405,1.0838617669185666,1.0984963953622682,1.086145586281035,1.0683008719934894,1.0,200,48,continuous,39,2,2,0.75,,,59.405049324035645
1.197917571515313,1.1435893738591512,1.0869070790465194,1.0668590363617907,1.0774243364067548,1.0719253610573787,1.058010202920292,1.0,200,48,continuous,38,4,4,0.75,,,59.53478717803955
1.1847055108224338,1.1314199501060835,1.0886556320705723,1.074820806304842,1.076635076910227,1.0888034605808308,1.0597573175198223,1.0,200,48,continuous,41,2,2,0.5,,,51.076786518096924
1.2347772685524774,1.1686702784026524,1.0919399604735347,1.078428939153619,1.0835300930856941,1.0861264874678773,1.0587619900907712,1.0,200,48,continuous,40,2,2,0.5,,,51.24313187599182
1.214031240448331,1.1572419062856405,1.0889723619828378,1.0724035047329623,1.101697905279379,1.092443584128778,1.0738682999767224,1.0,200,48,continuous,42,3,3,0.75,,,53.00378394126892
1.2054768288510946,1.1507093374504336,1.0882627508605258,1.0684877070200591,1.082823315443765,1.0749979902238924,1.061011262154437,1.0,200,48,continuous,43,4,4,0.75,,,53.01558566093445
1.2146606835754128,1.1538783782037696,1.0876478085814003,1.0706523141108446,1.0835175343935917,1.0858633163220013,1.0582404789880813,1.0,200,48,continuous,44,2,2,0.5,,,57.64702844619751
1.1952020424191803,1.1411227173161036,1.114685369361448,1.08309113658046,1.1098989828589572,1.1022903386959406,1.079789111824836,1.0,200,48,continuous,45,3,3,0.5,,,57.54146409034729
1.1963840078910808,1.1421017421899382,1.102968659081289,1.0824991932396644,1.096228966028901,1.0883307267672517,1.0610964602755464,1.0,200,48,continuous,46,2,2,0.5,,,53.76716947555542
1.1869837986772531,1.1357127359691128,1.110882149197423,1.0853794674406005,1.0918735544562224,1.077198834469734,1.0651013070060247,1.0,200,48,continuous,47,3,3,0.5,,,53.82326912879944
1.2053822993134373,1.1424415961427585,1.0940106686696904,1.0735385574518126,1.0812483099448238,1.0823987688718946,1.057113960457132,1.0,200,48,continuous,49,2,2,0.5,,,53.381553173065186
1.1942077894136716,1.1376011878879442,1.0876475070431968,1.0763939456809255,1.0911239152679442,1.0829631644450624,1.0558381271892312,1.0,200,48,continuous,48,2,2,0.5,,,53.60990381240845
1.5015875608403273,1.4173498464755496,1.0338768016554711,1.0338768016554711,1.0269396159943192,1.0237630793756463,1.0199114013817328,1.0,200,168,grouped,0,5,5,0.75,0.747037879106561,0.7517863877908838,54.21729326248169
1.4779147968958226,1.4216374041597202,1.0347342713512817,1.0347342713512817,1.0277915866451959,1.021955414506911,1.0184576867223916,1.0,200,168,grouped,1,5,5,0.75,0.7577192876603223,0.8409376775394943,54.197975158691406
1.4993206988417367,1.435587964336287,1.0321180659895484,1.0321180659895484,1.027612334648106,1.0217539680464538,1.0185382012710011,1.0,200,168,grouped,3,6,6,0.75,0.5770693003370725,0.5922850193531713,60.43476748466492
1.497327479375704,1.4195582979473815,1.0351771793661766,1.0351771793661766,1.0316801158176,1.022467837106709,1.0185918822648408,1.0,200,168,grouped,2,5,5,0.75,0.733333556982687,0.6339057751396834,60.75246977806091
1.5187092936610043,1.4564038802321795,1.0322643405373624,1.0322643405373624,1.0258424622984383,1.022013252865617,1.0191455503702147,1.0,200,168,grouped,4,6,6,0.75,0.5799191444019247,0.7650523185675193,51.143473863601685
1.4614465223850674,1.3969653973490859,1.0328001022841637,1.0328001022841637,1.0260489751002329,1.0243173462501622,1.0190763754608367,1.0,200,168,grouped,5,4,4,0.75,0.8690629173136757,0.6275474610126991,51.1558632850647
1.5170776229172496,1.4431456804927205,1.0312678713702839,1.0312678713702839,1.0249592571816706,1.0273661157742096,1.0209740934960816,1.0,200,168,grouped,6,4,4,0.75,0.8426953795786002,0.7451709919647911,49.154271602630615
1.4782662177781956,1.3962900633225896,1.0296934401857718,1.0296934401857718,1.0291359432434273,1.0201525612054252,1.0164911968525552,1.0,200,168,grouped,7,6,6,0.75,0.5810055339835271,0.7500951756844522,49.24239778518677
1.498608919670473,1.4305245597458338,1.0328872876945037,1.0328872876945037,1.0255846911384874,1.025151795581743,1.0200955079670242,1.0,200,168,grouped,8,5,5,0.75,0.7144699331567773,0.8466398074205128,52.68636608123779
1.4914801732799716,1.407772089068171,1.0304489786121327,1.0304489786121327,1.026440206278953,1.020699104439018,1.0174941328945208,1.0,200,168,grouped,9,5,5,0.75,0.6819329525852338,0.860067974705724,52.75192451477051
1.5249667454671048,1.4571218332232816,1.0288344189969614,1.0288344189969614,1.0235923016704318,1.0220506301005896,1.01809407270945,1.0,200,168,grouped,10,5,5,0.75,0.6871288445194317,0.658273363639789,59.17409563064575
1.495306221244323,1.4215201960956914,1.0311433183303667,1.0311433183303667,1.0306045674470086,1.0285196880074339,1.022504080383676,1.0,200,168,grouped,11,4,4,0.75,0.8489299289408205,0.6988924686257587,59.2382173538208
1.4993018044827853,1.4269573141051495,1.0314340555822261,1.0314340555822261,1.0313588568229022,1.0218634211009263,1.0178811796012273,1.0,200,168,grouped,12,6,6,0.75,0.7078258718660737,0.7547249097752587,54.90145397186279
1.4641669832743252,1.3947403565775918,1.0324077530992455,1.0324077530992455,1.0280568665093526,1.0238187843597426,1.0193489746133404,1.0,200,168,grouped,13,5,5,0.75,0.7372445824262814,0.768032146984202,55.0741024017334
1.4872745275319177,1.4114643404550062,1.0283821934587536,1.0283821934587536,1.0249448319273553,1.0216314952096217,1.017247823630331,1.0,200,168,grouped,14,5,5,0.75,0.7580770610562529,0.5892978935242866,75.72996115684509
1.5022637259154308,1.4277228131171653,1.029151878717671,1.029151878717671,1.0267833923000993,1.025050858480785,1.0196333281854695,1.0,200,168,grouped,15,4,4,0.75,0.8739536107824547,0.7811251502922607,75.4056351184845
1.5038271384548871,1.4332263341402667,1.029935693769029,1.029935693769029,1.0323537029180054,1.0222720639814922,1.01736606870606,1.0,200,168,grouped,16,4,4,0.75,0.8545543720177158,1.0,53.19745850563049
1.4875432657298953,1.4073011323303908,1.0283981706004481,1.0283981706004481,1.023296631321422,1.0211248054330881,1.0211248054330881,1.0,200,168,grouped,17,6,6,1.0,0.6794388387431667,0.6106406176070776,53.2389760017395
1.507696533651291,1.4252858112093771,1.0355233607063516,1.0355233607063516,1.0289615824829017,1.0225453097274675,1.019417412622529,1.0,200,168,grouped,18,5,5,0.75,0.7347257227417178,0.5891560180892073,52.708125591278076
1.489842898881583,1.4306186249427637,1.0286168106368183,1.0286168106368183,1.0253472149069551,1.0222190620525773,1.017805285249548,1.0,200,168,grouped,19,5,5,0.75,0.7067069088383008,0.6442998383182221,52.892828702926636
1.4756204219576194,1.406381392094333,1.0314197570017298,1.0314197570017298,1.0240909603615407,1.0266626902883855,1.0214998059085016,1.0,200,168,grouped,21,5,5,0.75,0.7224021357124807,0.784994482064848,58.342591762542725
1.471097089078492,1.4081016690622163,1.0307222957755653,1.0307222957755653,1.0280006827991783,1.022320103600273,1.0183371336468505,1.0,200,168,grouped,20,6,6,0.75,0.6511586742113714,0.8023960018034203,58.69762349128723
1.4866693354975309,1.4155160424949402,1.0332833492352616,1.0332833492352616,1.0269568827091102,1.02196045218024,1.018252696863157,1.0,200,168,grouped,23,5,5,0.75,0.7356841288442775,0.734330671407226,60.191120624542236
1.4676834761084199,1.4072115958966558,1.0323724087465334,1.0323724087465334,1.028622561848504,1.0226756649144013,1.0194225915471942,1.0,200,168,grouped,22,6,6,0.75,0.6631832319985519,0.7554356751608599,60.25081968307495
1.4950798977701982,1.4207719765713187,1.028524888561793,1.028524888561793,1.0308972919351613,1.0208519234571816,1.017701856849717,1.0,200,168,grouped,25,6,6,0.75,0.5781918433733153,0.6964567956699613,69.78227353096008
1.5267404455880107,1.44612529348686,1.0314709634590367,1.0314709634590367,1.0280595545909563,1.0235096321293724,1.0189302532711697,1.0,200,168,grouped,24,5,5,0.75,0.7081387419985299,0.7271127559122229,69.9083468914032
1.5020794599113545,1.4421870438847408,1.0323832190188555,1.0323832190188555,1.0323703282480485,1.0258609577852935,1.0258609577852935,1.0,200,168,grouped,26,4,4,1.0,0.8461454261427853,1.0,68.5351173877716
1.4758926613837398,1.4047362320344967,1.0330955194647287,1.0330955194647287,1.031131805348847,1.0319976292979443,1.024703240878971,1.0,200,168,grouped,27,4,4,0.75,0.8786383485913628,0.8916380912541038,68.45447850227356
1.5104267656899326,1.4398862168480917,1.0296787818416473,1.0296787818416473,1.0245639550739736,1.0186487712199221,1.015597063506988,1.0,200,168,grouped,28,6,6,0.75,0.5947044321117186,0.7713223994441706,57.638904094696045
1.473599602547622,1.3862691388292292,1.0293871841126514,1.0293871841126514,1.0233623136904546,1.0218713762141887,1.0175760467969446,1.0,200,168,grouped,29,5,5,0.5,0.7234252493354552,0.7587480382324505,57.60035967826843
1.5043309947381516,1.427851646043364,1.0310538453080653,1.0310538453080653,1.0274484030206676,1.0199103032705643,1.0162655374467704,1.0,200,168,grouped,31,5,5,0.75,0.7281252560464199,0.5814954527871312,65.78174877166748
1.4792361151647349,1.408729982803811,1.0339427101511556,1.0339427101511556,1.0345410212486161,1.0342288898264491,1.0271451440332346,1.0,200,168,grouped,30,5,5,0.75,0.8170246810127801,0.7081165494273413,65.91529607772827
1.4744752528546792,1.402117224285547,1.030799583821935,1.030799583821935,1.0285984215674104,1.0219120700017155,1.018882709536129,1.0,200,168,grouped,33,6,6,0.75,0.5885531584869349,0.5710062024841827,57.90213990211487
1.5118250367684263,1.4305309761975564,1.0338722670852027,1.0338722670852027,1.0286380125645727,1.0247305774588324,1.020871653859631,1.0,200,168,grouped,32,5,5,0.75,0.7220204295991002,0.7251310171437887,58.71192002296448
1.503480302720151,1.4271386508114559,1.0352644152280281,1.0352644152280281,1.0281837830855194,1.0267352051432963,1.0213871649776798,1.0,200,168,grouped,35,4,4,0.75,0.8511932491663324,0.7702303354167876,53.907416343688965
1.467167324594052,1.400246185987137,1.0282526431946861,1.0282526431946861,1.0251618117157781,1.0208324636634662,1.0162549686721802,1.0,200,168,grouped,34,5,5,0.75,0.7384089921598959,0.7660450510233406,54.49509596824646
1.4651921329444397,1.3830925747136142,1.031851680585406,1.031851680585406,1.026578947418709,1.0230532859945993,1.0196347079351968,1.0,200,168,grouped,36,6,6,0.75,0.5713431197965266,0.7514420896510302,54.118799686431885
1.490205484450187,1.4089107500064573,1.0328047865676124,1.0328047865676124,1.0268041900626441,1.022064770229051,1.0187123497348962,1.0,200,168,grouped,37,5,5,0.75,0.6773513386374144,0.6831172366422339,54.336342334747314
1.5170091322377797,1.4463261239957013,1.0364108985477314,1.0364108985477314,1.027218704201355,1.0253107945390052,1.0203116548480597,1.0,200,168,grouped,38,4,4,0.75,0.8056216555710438,0.8040978602619401,50.17317533493042
1.5372412228263597,1.449082502955136,1.032544791299217,1.032544791299217,1.0265153626368646,1.0190622253964852,1.0168160514573623,1.0,200,168,grouped,39,5,5,0.75,0.6764985978896516,0.6968569832854672,50.24194383621216
1.507513119548432,1.4141699315452678,1.0353290568587972,1.0353290568587972,1.035675978320159,1.0309952746370854,1.026108133661565,1.0,200,168,grouped,40,5,5,0.75,0.681248095911119,0.6967203641982951,65.5721869468689
1.485435779013497,1.4212611291099357,1.0336507186868633,1.0336507186868633,1.0276871950559505,1.0194252728256092,1.018785698381573,1.0,200,168,grouped,41,6,6,0.5,0.5777910562621446,0.6292443618416051,65.17601990699768
1.4868172049386437,1.421089004988916,1.0335217259252583,1.0335217259252583,1.0315723828239554,1.0248734000863022,1.020384106994621,1.0,200,168,grouped,42,5,5,0.75,0.716020035471835,0.6766723485729238,61.01410412788391
1.4780545610252993,1.4048286386956417,1.0298679229419296,1.0298679229419296,1.029080848510804,1.0187423786640084,1.016150726470208,1.0,200,168,grouped,43,6,6,0.75,0.5749690033730156,0.7216381089100071,61.244771003723145
1.4927134307923355,1.4198476385130787,1.031410716400829,1.031410716400829,1.0250759698053342,1.0189887621783207,1.0162626836395492,1.0,200,168,grouped,45,6,6,0.75,0.6023243836004287,0.7675334023788161,61.86711835861206
1.5007740638952383,1.432659103093673,1.0301749188233134,1.0301749188233134,1.0272542462369545,1.0236281286966014,1.0181624870383703,1.0,200,168,grouped,44,5,5,0.5,0.6976093657243168,0.7315060254987289,62.12463712692261
1.47781335820664,1.388325368751125,1.0288101123629008,1.0288101123629008,1.024487547173856,1.0197220139401277,1.0171705848976527,1.0,200,168,grouped,46,6,6,0.75,0.5730454376485224,0.6863112501278782,60.01272487640381
1.4789769369158596,1.39517406251754,1.0313096002859672,1.0313096002859672,1.0267993987000616,1.0246542343766591,1.0205464088247271,1.0,200,168,grouped,47,6,6,0.75,0.647241273682158,0.6285536905802974,61.43373227119446
1.4856244512040502,1.4036440214812917,1.0325397187431316,1.0325397187431316,1.0292303496873105,1.0244564958046714,1.0205939572740412,1.0,200,168,grouped,48,6,6,0.75,0.5719783202342413,0.6026037763917131,60.08367395401001
1.4711719461064805,1.4016836230784882,1.0316463147982369,1.0316463147982369,1.026981282123454,1.0216169935746469,1.017968715713226,1.0,200,168,grouped,49,5,5,0.75,0.7346218175060397,0.8682082736708626,61.55008387565613
1.3184397781321706,1.0231942774968228,1.0401430172640012,1.0193747052251936,1.0231942774968228,1.0231942774968228,1.0193747052251936,1.0,200,168,homogeneous,0,1,1,0.75,,,67.85248947143555
1.319538257753653,1.0260011688746888,1.035836978428916,1.0204410288418173,1.0260011688746888,1.022983710702232,1.0200915477976757,1.0,200,168,homogeneous,1,2,2,0.75,,,65.04485034942627
1.32276552944846,1.0240631767130173,1.0361283948758921,1.0192062068833714,1.0240631767130173,1.0240631767130173,1.0192062068833714,1.0,200,168,homogeneous,3,1,1,0.75,,,58.745877742767334
1.3233969982765206,1.0263313880592624,1.0370600687782656,1.020532739033581,1.0263313880592624,1.0263313880592624,1.020532739033581,1.0,200,168,homogeneous,2,1,1,0.75,,,59.467716217041016
1.3188274393876545,1.0243765380054732,1.037294725569948,1.018996030208259,1.0243765380054732,1.0243765380054732,1.018996030208259,1.0,200,168,homogeneous,4,1,1,0.75,,,56.89909076690674
1.3105298766682738,1.0255011892623533,1.038111973487827,1.0203447666560792,1.0255011892623533,1.0255011892623533,1.0203447666560792,1.0,200,168,homogeneous,5,1,1,0.75,,,56.73296093940735
1.3166463733757758,1.0240249197453755,1.0379070312920038,1.0193711801984486,1.0240249197453755,1.0240249197453755,1.0193711801984486,1.0,200,168,homogeneous,7,1,1,0.75,,,60.13326907157898
1.3219499789856333,1.0233317343604305,1.037351367893415,1.019020604846584,1.0233317343604305,1.0220054105805094,1.0197186548661898,1.0,200,168,homogeneous,6,2,2,0.75,,,64.86890649795532
1.318880028511612,1.02394147166059,1.0425653843471379,1.019648199126797,1.026436151013977,1.0234874578006123,1.021783560329749,1.0,200,168,homogeneous,9,2,2,0.75,,,72.86814332008362
1.3214168436492106,1.0254476519733322,1.0412909135699053,1.0206044570660648,1.0254476519733322,1.0254476519733322,1.0206044570660648,1.0,200,168,homogeneous,8,1,1,0.75,,,77.72974467277527
1.3121036387530853,1.0227582898647174,1.036477592676606,1.01843798184209,1.0227582898647174,1.0227582898647174,1.01843798184209,1.0,200,168,homogeneous,10,1,1,0.75,,,82.04502487182617
1.3204195791958975,1.0275462121610546,1.037701408160756,1.0216200975611767,1.0275462121610546,1.0275462121610546,1.0216200975611767,1.0,200,168,homogeneous,11,1,1,0.75,,,82.37675857543945
1.3203305238116227,1.0239625355900384,1.0378988933381819,1.018915746035567,1.0239625355900384,1.0239625355900384,1.018915746035567,1.0,200,168,homogeneous,12,1,1,0.75,,,81.09294772148132
1.30868547511792,1.0270941571910457,1.038510919017585,1.0214960887295703,1.0270941571910457,1.0270941571910457,1.0214960887295703,1.0,200,168,homogeneous,13,1,1,0.75,,,80.66955924034119
1.3224274875735829,1.0263088093172639,1.035551941015356,1.020957822573087,1.0263088093172639,1.0263088093172639,1.020957822573087,1.0,200,168,homogeneous,14,1,1,0.75,,,77.46825575828552
1.3263489788699816,1.0242354725782183,1.0360035280204947,1.0197589004413712,1.0263338641819322,1.0242354725782183,1.0197589004413712,1.0,200,168,homogeneous,15,1,1,0.75,,,77.96306371688843
1.325238766176546,1.0265494965007271,1.0331411667176595,1.0207134031122402,1.0265494965007271,1.0191939433022181,1.0171777726065585,1.0,200,168,homogeneous,17,2,2,0.75,,,87.564768075943
1.3106283184370113,1.0238316020930744,1.0376382032244207,1.0183867646970397,1.0238316020930744,1.0238316020930744,1.0183867646970397,1.0,200,168,homogeneous,16,1,1,0.75,,,88.73718976974487
1.322052454890229,1.0246232976058032,1.038529140547127,1.0198549281406086,1.0246232976058032,1.0246232976058032,1.0198549281406086,1.0,200,168,homogeneous,19,1,1,0.75,,,97.394602060318
1.321631861889523,1.0239573007938363,1.0376108150099403,1.0197533005311141,1.0239573007938363,1.0210912538972956,1.01892211096539,1.0,200,168,homogeneous,18,2,2,0.75,,,98.29242706298828
1.3280762522323704,1.0256902963078667,1.0368075255569826,1.0205995468444127,1.0256902963078667,1.020546872481513,1.0187921464249436,1.0,200,168,homogeneous,21,2,2,0.75,,,118.6630449295044
1.3217840287499492,1.0251357375330987,1.0334216293437712,1.0194328871794411,1.0251357375330987,1.021381240048463,1.021381240048463,1.0,200,168,homogeneous,20,2,2,1.0,,,119.4788601398468
1.3273435129730056,1.0275847188834963,1.0390416390172885,1.0218983011604612,1.0275847188834963,1.0210911405761771,1.018831086477716,1.0,200,168,homogeneous,23,2,2,0.75,,,87.93490219116211
1.317546899045495,1.0261257844937255,1.0432037964744114,1.0222654138543252,1.030233612509455,1.0261257844937255,1.0222654138543252,1.0,200,168,homogeneous,22,1,1,0.5,,,89.94173431396484
1.3262926491922276,1.026470849422505,1.0388772242131465,1.0219777791756643,1.026470849422505,1.026470849422505,1.0219777791756643,1.0,200,168,homogeneous,25,1,1,0.75,,,82.38190484046936
1.3184136177972097,1.0229442569275045,1.0391856742241978,1.018692078951862,1.0268533728617126,1.0206903796386029,1.0187491053359519,1.0,200,168,homogeneous,24,2,2,0.75,,,85.84905052185059
1.3247868674719538,1.0256413688579524,1.0381889367709558,1.0197006027302242,1.0305928465272172,1.0256413688579524,1.0197006027302242,1.0,200,168,homogeneous,27,1,1,0.75,,,82.82460641860962
1.320267457675886,1.024957251769506,1.03984492673951,1.020079111732593,1.024957251769506,1.024957251769506,1.020079111732593,1.0,200,168,homogeneous,26,1,1,0.75,,,87.24374866485596
1.3120964596536908,1.0266948660708397,1.0397189856216738,1.0222614179147578,1.0266948660708397,1.0266948660708397,1.0222614179147578,1.0,200,168,homogeneous,28,1,1,0.75,,,85.85832333564758
1.3239367986020052,1.022910927418287,1.0351837506985557,1.0184064277475307,1.022910927418287,1.022910927418287,1.0184064277475307,1.0,200,168,homogeneous,29,1,1,0.75,,,83.37226724624634
1.3068186866225229,1.0241434879062377,1.0406211800631153,1.0194264445781038,1.0241434879062377,1.0241434879062377,1.0194264445781038,1.0,200,168,homogeneous,30,1,1,0.75,,,77.54521012306213
1.3222883020366096,1.0248054196716598,1.037629827514423,1.0200522577943194,1.0248054196716598,1.0207872737035661,1.018464973283829,1.0,200,168,homogeneous,31,2,2,0.75,,,78.74205136299133
1.3224608184899573,1.0242051710939888,1.0372336784414022,1.0201994038242714,1.0242051710939888,1.0242051710939888,1.0201994038242714,1.0,200,168,homogeneous,33,1,1,0.75,,,98.10529851913452
1.3206492860938608,1.0254318139293979,1.045308298789206,1.0206982320559814,1.0254318139293979,1.0239945413908818,1.0224138461236045,1.0,200,168,homogeneous,32,2,2,0.75,,,99.52100777626038
1.3263876208793304,1.026921757119206,1.0349977243822293,1.019906161950746,1.02719296210196,1.0193468921183788,1.017301731437006,1.0,200,168,homogeneous,35,2,2,0.75,,,89.82829332351685
1.3165330130458406,1.0226018083433115,1.0369780814828224,1.0177910314813394,1.0226018083433115,1.0226018083433115,1.0177910314813394,1.0,200,168,homogeneous,34,1,1,0.75,,,90.12127017974854
1.3190250649097,1.0241783765671657,1.0341304125012003,1.0190169730104592,1.0241783765671657,1.0241783765671657,1.0190169730104592,1.0,200,168,homogeneous,36,1,1,0.75,,,69.7066581249237
1.3135544236904932,1.0240697912640913,1.0395125315030451,1.0204987897237443,1.0240697912640913,1.0240697912640913,1.0204987897237443,1.0,200,168,homogeneous,37,1,1,0.75,,,78.17038345336914
1.324244108545732,1.0254584216593603,1.0360092878968297,1.0203027918121395,1.0254584216593603,1.0254584216593603,1.0203027918121395,1.0,200,168,homogeneous,38,1,1,0.75,,,76.86698293685913
1.316518726895681,1.0236316250990634,1.0428780101636654,1.0192420077986044,1.0236316250990634,1.0207667025411287,1.0191941771441384,1.0,200,168,homogeneous,39,2,2,0.75,,,68.33703398704529
1.3210641859786514,1.0281676148482828,1.0387041841032487,1.0221771607030556,1.0281676148482828,1.0206820889416317,1.0189210239049804,1.0,200,168,homogeneous,41,2,2,0.75,,,67.594562292099
1.3221909895774067,1.0288041234532097,1.042718028494929,1.0232253968933975,1.0288041234532097,1.0288041234532097,1.0232253968933975,1.0,200,168,homogeneous,40,1,1,0.75,,,67.73590326309204
1.3163446569486952,1.02153070884679,1.0395171116847461,1.0179134454507508,1.02153070884679,1.02153070884679,1.0179134454507508,1.0,200,168,homogeneous,42,1,1,0.75,,,69.69098591804504
1.3232672900944136,1.0268411693558877,1.034086436994406,1.0212200888971985,1.0268411693558877,1.0268411693558877,1.0212200888971985,1.0,200,168,homogeneous,43,1,1,0.75,,,69.73587274551392
1.3198096966487471,1.024149325265292,1.036937853512541,1.020187814632459,1.0290223067421649,1.0245030153624346,1.0215214786961138,1.0,200,168,homogeneous,44,2,2,0.75,,,79.07361316680908
1.3118561658378072,1.0248103784452403,1.0367572302607053,1.0194733329946954,1.0248103784452403,1.0248103784452403,1.0194733329946954,1.0,200,168,homogeneous,45,1,1,0.75,,,80.00648140907288
1.3216397748084359,1.0265408490340768,1.0411543486391064,1.0228916724250885,1.0303802070908894,1.0190607835880359,1.0184311916288358,1.0,200,168,homogeneous,47,2,2,0.75,,,65.16375994682312
1.3137879812442652,1.025520392355172,1.0366082028491381,1.0203494834954712,1.025520392355172,1.025520392355172,1.0203494834954712,1.0,200,168,homogeneous,46,1,1,0.75,,,65.76932573318481
1.3247277731626714,1.0257431512932573,1.0377123774309636,1.0214154393971329,1.0257431512932573,1.0257431512932573,1.0214154393971329,1.0,200,168,homogeneous,48,1,1,0.75,,,58.49262189865112
1.3174990034457355,1.0247966111107945,1.034757345187442,1.0192039080498747,1.0247966111107945,1.0247966111107945,1.0192039080498747,1.0,200,168,homogeneous,49,1,1,0.75,,,58.85196661949158
1.199057432558932,1.143279371394847,1.032259169827512,1.0386397210354057,1.0516731815541105,1.04489037620995,1.027304995749459,1.0,200,168,continuous,0,6,6,0.5,,,81.15154886245728
1.2128555448676444,1.1511359893470299,1.0336831306371252,1.0406747140239483,1.0477440430507545,1.043714816874681,1.0293709024403515,1.0,200,168,continuous,1,6,6,0.5,,,81.17312145233154
1.188827327698147,1.1318187769530328,1.0378966795091897,1.0404320331861225,1.0470612641368786,1.0476915454844629,1.0306149768372446,1.0,200,168,continuous,3,5,5,0.5,,,85.57330894470215
1.1949651878669478,1.1365331506410037,1.035839019670721,1.035839019670721,1.0493244156503407,1.0452236329671836,1.0294853302358087,1.0,200,168,continuous,2,5,5,0.5,,,86.21454453468323
1.1910133756965335,1.137864735105638,1.0362767392504055,1.0413093629366477,1.0509665414277256,1.0472527157652827,1.031297363602082,1.0,200,168,continuous,4,6,6,0.5,,,128.91079187393188
1.2014746678404407,1.1438291436274923,1.0360176459075328,1.0401354576123594,1.050751985083187,1.049235082278092,1.0305813890985267,1.0,200,168,continuous,5,5,5,0.5,,,128.77440118789673
1.2215516133094382,1.1599657431843098,1.0326181814300395,1.042789174871939,1.0506087442374585,1.0539478029951062,1.0317593406311099,1.0,200,168,continuous,6,4,4,0.5,,,104.78890919685364
1.2040156518297616,1.147532787338435,1.0322600202932095,1.0387579663784001,1.0481752577647319,1.042266807235055,1.0268971010964756,1.0,200,168,continuous,7,6,6,0.5,,,105.32323050498962
1.1985217003735404,1.1438671694787579,1.0331352540571497,1.038968336287199,1.0516148701295667,1.0601395334804289,1.0291280356958004,1.0,200,168,continuous,8,4,4,0.25,,,85.39281821250916
1.2192318979359973,1.1608382280334413,1.0330345354116468,1.0330345354116468,1.0540959654378317,1.0440955969734134,1.0274800807081805,1.0,200,168,continuous,9,6,6,0.25,,,88.90562891960144
1.2160129908951258,1.1595006642275139,1.0336650226861517,1.0336650226861517,1.056616826017813,1.0541217551929862,1.030976923634543,1.0,200,168,continuous,10,4,4,0.5,,,97.55021500587463
1.1780521041328864,1.1204358883417693,1.0372083179712224,1.037946670433753,1.0511436848115734,1.0558112232639005,1.033157905401194,1.0,200,168,continuous,11,3,3,0.5,,,93.47173118591309
1.18278345822908,1.1324643916581196,1.0328761876624613,1.0364623648920188,1.0464943532587567,1.0523888433612356,1.0301198718779772,1.0,200,168,continuous,13,4,4,0.5,,,76.25813055038452
1.2161363434123282,1.158023184078303,1.0342027215126735,1.0342027215126735,1.0490643376839772,1.0469373831362052,1.0283584768153269,1.0,200,168,continuous,12,5,5,0.25,,,77.08683490753174
1.2105761068405931,1.1538040550083108,1.0307367553528402,1.0375569853708908,1.0488606786602475,1.0580819947569835,1.0294039926108116,1.0,200,168,continuous,14,3,3,0.5,,,83.4392101764679
1.2116540627465164,1.1521558828415661,1.0380040375239763,1.0433764165391273,1.0516235504968983,1.0450921877168529,1.0315444559981544,1.0,200,168,continuous,15,6,6,0.5,,,83.52954173088074
1.1997686794870115,1.1398997831892894,1.0361791965446905,1.0407314457422285,1.0512409699045584,1.0550925039563395,1.0330163679200788,1.0,200,168,continuous,17,4,4,0.5,,,80.04919099807739
1.2007550622652403,1.1453808062759732,1.0332185945399355,1.0388908881146808,1.0562704194616128,1.0447357139016522,1.0265099190621558,1.0,200,168,continuous,16,5,5,0.5,,,80.9475679397583
1.2107490684113182,1.1532382890577335,1.034649654097695,1.0415064448732716,1.0471195993779154,1.0482415613390443,1.029701163040751,1.0,200,168,continuous,18,4,4,0.5,,,72.23406624794006
1.228862871524708,1.172378991961471,1.0370114158331873,1.0479973898239483,1.0583039586228544,1.0494649655465702,1.0327994991118492,1.0,200,168,continuous,19,6,6,0.5,,,75.56175518035889
1.209231476254206,1.1529987971943803,1.034541068723401,1.034541068723401,1.0482204325483186,1.0562672481400925,1.0327360724839851,1.0,200,168,continuous,20,4,4,0.5,,,78.93223309516907
1.2080094711081055,1.1543023854646932,1.0340645082181115,1.0398648339778145,1.0508489595723152,1.0534484092077592,1.031524343283994,1.0,200,168,continuous,21,5,5,0.5,,,75.54735970497131
1.2166875484136392,1.1619936302841714,1.0324489127924437,1.0324489127924437,1.0468489245177472,1.0458889350170844,1.0265247895177365,1.0,200,168,continuous,23,4,4,0.5,,,62.836153984069824
1.2058564176846296,1.1469447630919103,1.0338208893873588,1.0338208893873588,1.055564207965113,1.054430947334995,1.0303210955258748,1.0,200,168,continuous,22,4,4,0.5,,,67.43501687049866
1.2063632261137742,1.151623108673856,1.03668363722902,1.03668363722902,1.0490843539969805,1.043153481378213,1.0289525637006751,1.0,200,168,continuous,24,6,6,0.5,,,93.65004563331604
1.2226168006110847,1.1665678319442239,1.040589261078816,1.0494501341138422,1.055040173738815,1.0551443748661904,1.036051922095625,1.0,200,168,continuous,25,5,5,0.5,,,89.4471423625946
1.212433557759964,1.1585893516139538,1.034349455096273,1.034349455096273,1.0482598824238711,1.04786577410412,1.0292831845336126,1.0,200,168,continuous,26,5,5,0.5,,,80.17560482025146
1.2052982338910174,1.1559655251720142,1.0365780111471319,1.0435141972118929,1.0524264197923823,1.0478844247728405,1.0315968838820169,1.0,200,168,continuous,27,6,6,0.5,,,80.46504092216492
1.2243532239127042,1.1678088443836045,1.038028057712275,1.038028057712275,1.0530617805109372,1.0583789970677926,1.035477267711504,1.0,200,168,continuous,28,4,4,0.5,,,107.10947036743164
1.1986191758482592,1.1479268652086234,1.0374240796867937,1.0374240796867937,1.052493113082678,1.0536957858898612,1.0309953918766341,1.0,200,168,continuous,29,5,5,0.25,,,107.11568403244019
1.194850981185738,1.1429092159486922,1.030839015354789,1.035650811409562,1.0481027189647907,1.0444931490641318,1.0268132200783369,1.0,200,168,continuous,30,6,6,0.5,,,84.02049803733826
1.1977108404784196,1.1442658810523405,1.034698813688431,1.0407742123177481,1.053678413327413,1.0526804431110874,1.032046906620099,1.0,200,168,continuous,31,5,5,0.5,,,83.63617134094238
1.1906643945004396,1.1309345814786558,1.0385966634047794,1.0404419011629706,1.0492776759424993,1.0435962202718008,1.030459038401843,1.0,200,168,continuous,33,6,6,0.5,,,73.98603129386902
1.193477747514509,1.140879268019987,1.0337139148199166,1.0378386884519686,1.049256754863414,1.0452919873450648,1.0277054971750064,1.0,200,168,continuous,32,5,5,0.5,,,78.2667543888092
1.2030147836969098,1.1448810139724253,1.0322562938439124,1.0373618684129606,1.0514327356872848,1.0535202549722673,1.0314940854988575,1.0,200,168,continuous,34,5,5,0.5,,,63.52097773551941
1.1999938615602679,1.1520394890169772,1.0326105584346306,1.0326105584346306,1.048356208202892,1.05552518152053,1.0270620235782024,1.0,200,168,continuous,35,4,4,0.25,,,66.42894506454468
1.223822112732095,1.1710559841735684,1.0318684142862278,1.0318684142862278,1.0486628090788572,1.0445986835226093,1.0280529339666948,1.0,200,168,continuous,36,6,6,0.5,,,68.45003318786621
1.1875775658150591,1.1339038992346424,1.0385640886537126,1.0386039437893093,1.0518475374369245,1.0556897979376876,1.0332842515019955,1.0,200,168,continuous,37,4,4,0.5,,,67.38209891319275
1.2208924025482026,1.161369268396559,1.0324490086428566,1.0324490086428566,1.0483277768812842,1.041963085275612,1.0260039218685135,1.0,200,168,continuous,38,5,5,0.25,,,71.86290049552917
1.2045310458476572,1.1499578062165288,1.0381994663004472,1.0444764620280247,1.053935090975075,1.0458325917545106,1.0322248368348974,1.0,200,168,continuous,39,6,6,0.5,,,66.21100282669067
1.223328767139555,1.161744029507197,1.0328038062823863,1.0396067418731088,1.0472534911207878,1.045869292674895,1.0283817784911178,1.0,200,168,continuous,41,5,5,0.5,,,50.43953204154968
1.193403931248491,1.1378469086604694,1.0332240976102918,1.0365433134253077,1.0512940198569287,1.0461904160956645,1.028166939348277,1.0,200,168,continuous,40,5,5,0.5,,,51.06666302680969
1.190287889330389,1.1441353807019514,1.0329387145003819,1.0329387145003819,1.0482899788287903,1.0488372093005784,1.0296807201322062,1.0,200,168,continuous,42,5,5,0.5,,,44.6965606212616
1.1803890389929814,1.1300459761210087,1.0332279027184275,1.0358737640286655,1.0519264383094489,1.0538960841634053,1.0272897457203765,1.0,200,168,continuous,43,4,4,0.25,,,56.01801896095276
1.2164509162336463,1.1590317727743626,1.03510570752533,1.03510570752533,1.046707992301626,1.046813284729774,1.0305211840058415,1.0,200,168,continuous,44,5,5,0.5,,,58.0307137966156
1.2094121514272753,1.151455387393758,1.0359988594474006,1.042251799486505,1.0505553600534037,1.0446530905657399,1.0299929794063192,1.0,200,168,continuous,45,6,6,0.5,,,47.51996397972107
1.2088887735262073,1.151620024411195,1.03191685860971,1.03191685860971,1.0420352271147735,1.0460319571849297,1.027310730513645,1.0,200,168,continuous,46,5,5,0.5,,,54.45936417579651
1.2124309297227147,1.153280884605006,1.036525409752533,1.0436459827873699,1.0437922036344016,1.0449975351379066,1.030112797168097,1.0,200,168,continuous,47,5,5,0.5,,,53.35109806060791
1.1971578515618717,1.1383209072819829,1.0361495781429995,1.039552649619669,1.0497597051452368,1.0563135533605996,1.0304663181854767,1.0,200,168,continuous,49,4,4,0.25,,,49.22656464576721
1.2023944223226894,1.1486261922228007,1.0357380867573538,1.0357380867573538,1.0468114733636482,1.0448478850305876,1.029757615644666,1.0,200,168,continuous,48,6,6,0.5,,,49.77609658241272
1.4864602352954988,1.4196676385428066,1.0118422570894121,1.0118422570894121,1.018585587357109,1.015257400247284,1.0099035283075228,1.0,200,672,grouped,0,6,6,0.5,0.5988578549984032,0.5940094807875964,72.32815718650818
1.515473192312853,1.438756071694617,1.0113361660909126,1.0113361660909126,1.020147955763365,1.014985791359874,1.0097290222428732,1.0,200,672,grouped,1,6,6,0.5,0.5995823977691856,0.7223648522283787,72.01023507118225
1.467982803505208,1.394146660934276,1.012709504439356,1.012709504439356,1.0212991613700286,1.0173852418546294,1.0110773080361972,1.0,200,672,grouped,3,6,6,0.5,0.5961187828146037,0.5812511539940718,69.11411213874817
1.4721564186495153,1.3677687162068424,1.0117236585236902,1.0117236585236902,1.0223191649900845,1.0170680469398303,1.0109272228790958,1.0,200,672,grouped,2,6,6,0.5,0.576249391258956,0.5952569710570375,69.36270904541016
1.5120738377896754,1.4505540371220231,1.0125302840369226,1.0125302840369226,1.022596982701876,1.0162272421356164,1.0107984458648558,1.0,200,672,grouped,5,6,6,0.5,0.6025010766542703,0.5908829671646444,63.14123272895813
1.4984549884336866,1.4328808205416959,1.01045457270091,1.01045457270091,1.019483008250552,1.0178312718532252,1.0104075851205194,1.0,200,672,grouped,4,6,6,0.5,0.6192822123464049,0.614896989431957,65.64905953407288
1.4921919156392136,1.4253565204007361,1.011654399723726,1.011654399723726,1.019005570615627,1.0210747526291568,1.0106548584725563,1.0,200,672,grouped,6,5,5,0.25,0.7370720917805177,0.6087174747001785,63.012638568878174
1.4786612150475598,1.40400312864096,1.0123362643758327,1.0123362643758327,1.0202367091181275,1.018530818932859,1.0115961445215613,1.0,200,672,grouped,7,6,6,0.5,0.654615201623985,0.7149600241941831,65.75817370414734
1.501807130617873,1.3967211038229106,1.0099904713883707,1.0099904713883707,1.0171043702785212,1.0148888785518708,1.0089735438316456,1.0,200,672,grouped,8,6,6,0.5,0.5843268569518802,0.6046239258000271,76.98507809638977
1.4873749002685963,1.4059405996087495,1.0123150281825513,1.0123150281825513,1.0213494534854957,1.0161127412417204,1.0108857070466302,1.0,200,672,grouped,9,6,6,0.5,0.5832517959430465,0.6106599402735079,73.16708278656006
1.474165912482068,1.3992044857874875,1.0116233493785938,1.0116233493785938,1.0197872870501976,1.0151180824652537,1.0099306107904042,1.0,200,672,grouped,10,6,6,0.5,0.5963285798675285,0.7106093371473934,70.31024289131165
1.5322711379238063,1.44519807371518,1.0104167753135371,1.0104167753135371,1.022112807248596,1.0161486464171208,1.009692773825103,1.0,200,672,grouped,11,6,6,0.5,0.5869095767769253,0.6757017896855927,69.8109438419342
1.4800686437486308,1.409465296232316,1.0113367245071299,1.0113367245071299,1.022412098105317,1.017214838324704,1.0104838964136074,1.0,200,672,grouped,12,6,6,0.5,0.5798264998830025,0.7280840832080073,64.3630120754242
1.478246932446894,1.403584778000624,1.0126789770174691,1.0126789770174691,1.020081326360494,1.0179657570605456,1.0116096003505992,1.0,200,672,grouped,13,6,6,0.5,0.6074912641775881,0.5765572569250282,64.1119155883789
1.531720513330922,1.4552332508869794,1.0116147120050198,1.0116147120050198,1.019148308163616,1.0194684934452014,1.011158289779002,1.0,200,672,grouped,15,5,5,0.5,0.7128890076332347,0.656248183006394,65.04074954986572
1.493302444789211,1.435822685855208,1.012970292836903,1.012970292836903,1.0222928368388788,1.0181597995258898,1.0115920856557288,1.0,200,672,grouped,14,6,6,0.5,0.6106406176070776,0.6024370361066799,65.71409249305725
1.4438560819958732,1.3707798051152635,1.0132408680901863,1.0132408680901863,1.0233263930655132,1.0221678998497763,1.0133702832401077,1.0,200,672,grouped,17,5,5,0.5,0.7693014230641099,0.7302499096079057,64.96827173233032
1.4758004293261433,1.4123629965672642,1.0133773918047426,1.0133773918047426,1.0231801150530755,1.0197015883612595,1.0123226226013704,1.0,200,672,grouped,16,5,5,0.5,0.7476122400979713,0.8068971124024009,65.41944694519043
1.5022884052989567,1.4156233156410376,1.01342210808088,1.01342210808088,1.0190099940922284,1.0149254169199018,1.0108147219138974,1.0,200,672,grouped,19,6,6,0.5,0.5757414781322324,0.6186942186117701,66.36048603057861
1.4820286479454752,1.4070770005854962,1.0119747250177562,1.0119747250177562,1.0191778336126038,1.0152904613271287,1.0102426199361416,1.0,200,672,grouped,18,6,6,0.5,0.6031044253526311,0.6267342095252723,66.58779811859131
1.5028930088843842,1.425099212105008,1.012325150411048,1.012325150411048,1.0214834246581723,1.0192545906357118,1.0114216462098329,1.0,200,672,grouped,21,5,5,0.5,0.7246855370613497,0.6971970618377865,66.29479098320007
1.4693133343869818,1.3977839583358835,1.0126254149547496,1.0126254149547496,1.021461641149129,1.0168674764057528,1.0110568515163652,1.0,200,672,grouped,20,6,6,0.5,0.6381631381173816,0.6478069694139866,66.86636805534363
1.4949678498724221,1.426248840733999,1.0120492346684176,1.0120492346684176,1.0198743503435266,1.0202179897691073,1.0118093166891127,1.0,200,672,grouped,23,5,5,0.5,0.7961761717827631,0.5645294424063895,73.93631720542908
1.494754829398989,1.3994275543704089,1.0110177037962977,1.0110177037962977,1.0217119872929066,1.017855093067144,1.0107186089190643,1.0,200,672,grouped,22,6,6,0.5,0.5727170922723068,0.6407000384965144,74.4973657131195
1.5169351629304944,1.4326315191315226,1.0125081540907561,1.0125081540907561,1.0214234839886303,1.0172462916047933,1.0106719454388786,1.0,200,672,grouped,24,6,6,0.25,0.5938259879137131,0.7817981897875486,62.40510272979736
1.4990624724758914,1.4300638899702323,1.011412720203446,1.011412720203446,1.0195534433042714,1.0150334919748634,1.0095856493985225,1.0,200,672,grouped,25,6,6,0.5,0.5959638757471908,0.6028416101689937,62.6907901763916
1.5068848119264937,1.4195973236229733,1.0122529452514313,1.0122529452514313,1.0195982194173554,1.015146271891172,1.0102795425413786,1.0,200,672,grouped,26,6,6,0.5,0.5737834610473368,0.654393048335304,62.1042218208313
1.490491699389082,1.4199279122898623,1.013749140927575,1.013749140927575,1.0176786558847282,1.0171092876314498,1.0115785410949885,1.0,200,672,grouped,27,6,6,0.5,0.6013946670245383,0.6941358899792495,62.008286237716675
1.4596412665444316,1.3950160925067108,1.0123191265549085,1.0123191265549085,1.0218786665086885,1.0189409496049548,1.010822879713308,1.0,200,672,grouped,28,5,5,0.25,0.7603219342596989,0.6203121518130865,63.18132829666138
1.497654840780678,1.4168815625697302,1.0109544239789936,1.0109544239789936,1.0215701988960657,1.017415313173292,1.010727128993061,1.0,200,672,grouped,29,6,6,0.5,0.5883025056805963,0.7488757378933684,62.92690825462341
1.4783854245631411,1.4102973476932945,1.0113122156093082,1.0113122156093082,1.0214598098976928,1.0172170506552665,1.0103993343989042,1.0,200,672,grouped,31,6,6,0.5,0.5812449922760783,0.7082272903024515,69.7900710105896
1.477775554352327,1.4113832741448358,1.0115398224988,1.0115398224988,1.0211017026135738,1.0172421799488773,1.0105364802760892,1.0,200,672,grouped,30,6,6,0.5,0.5952486090326699,0.8163705205178353,70.14484453201294
1.5175115893915165,1.4404301848593772,1.0124025055511217,1.0124025055511217,1.0190012084082196,1.016663315898181,1.0108095559018286,1.0,200,672,grouped,33,6,6,0.5,0.6202747312817938,0.6570075573768872,79.53509616851807
1.5095128721403466,1.4452244066559607,1.011126796492206,1.011126796492206,1.0228760039744698,1.0181898062321986,1.0111118699144501,1.0,200,672,grouped,32,6,6,0.5,0.614074003097185,0.7959892582912488,83.36396169662476
1.4621749621706226,1.384539908368702,1.0139917313154472,1.0139917313154472,1.024362274992795,1.0210360371687508,1.013347861169585,1.0,200,672,grouped,35,5,5,0.5,0.7344213253654751,0.7914682595464376,66.71792769432068
1.4828850557681161,1.4088240332843975,1.0104869283477136,1.0104869283477136,1.0192913301030009,1.016123784550506,1.0099528208033817,1.0,200,672,grouped,34,6,6,0.5,0.5739720490887744,0.5988064737055577,70.64567828178406
1.5145756552541745,1.433224615293216,1.0132371496962407,1.0132371496962407,1.020424544744051,1.0163671269811168,1.0109614468501473,1.0,200,672,grouped,37,6,6,0.25,0.6037126463090501,0.6915879333051251,66.5863447189331
1.473958156617377,1.3957246149407139,1.0111755297585532,1.0111755297585532,1.0236297017323575,1.017242414168253,1.0101544951542774,1.0,200,672,grouped,36,6,6,0.5,0.6229297865315697,0.7329606871471577,67.31866192817688
1.5050986949366811,1.4409224512805725,1.0119379215116329,1.0119379215116329,1.0202327490411995,1.0145387417214315,1.009515315682709,1.0,200,672,grouped,38,6,6,0.5,0.587585886880867,0.6066718540879351,67.11019539833069
1.4744038375273207,1.4083944452808097,1.0117378409059403,1.0117378409059403,1.0190167533146763,1.0194858572338417,1.0114814241650576,1.0,200,672,grouped,39,5,5,0.5,0.7198823786520797,0.6200459069015725,66.91817879676819
1.4752031715387588,1.3953663786861763,1.0127842574077843,1.0127842574077843,1.0201856377870733,1.0160383473773942,1.0110187799272947,1.0,200,672,grouped,40,6,6,0.25,0.6057644711311528,0.583068412898664,67.09500503540039
1.512368205817972,1.4407873033137906,1.010935401224409,1.010935401224409,1.0198222508137078,1.0166476355674645,1.0102441513305562,1.0,200,672,grouped,41,6,6,0.5,0.5825617926283865,0.6252768530308415,67.05963397026062
1.496762799607258,1.4241343617956896,1.014457206836722,1.014457206836722,1.020437231193414,1.0159119176934905,1.0116082400282622,1.0,200,672,grouped,43,6,6,0.5,0.6125917442828841,0.6003242889250536,68.76425623893738
1.477471096579157,1.3951020583691798,1.01384288344891,1.01384288344891,1.0237201066259527,1.0191779570428843,1.012477341544471,1.0,200,672,grouped,42,6,6,0.5,0.5739165919372877,0.5823649503181221,68.91634511947632
1.5080054440100499,1.4272316858969563,1.012647766682602,1.012647766682602,1.0243209035687968,1.0188778593130432,1.011833259009583,1.0,200,672,grouped,45,6,6,0.5,0.5726920916979895,0.6332113408792509,70.56880807876587
1.4878891263188847,1.4107152074975098,1.011743348937492,1.011743348937492,1.0229980501250338,1.019074025996624,1.0106702429617198,1.0,200,672,grouped,44,6,6,0.25,0.5781541599221439,0.6198132121031497,71.03474688529968
1.5387398172195612,1.456878820205809,1.0107640526035275,1.0107640526035275,1.0196815101179488,1.016179043510497,1.0096764585291114,1.0,200,672,grouped,46,6,6,0.5,0.569309255051418,0.674170044808399,69.12811088562012
1.4489698759336649,1.3797970759376785,1.013323822920598,1.013323822920598,1.025145201882186,1.0182088520909534,1.0116778560338207,1.0,200,672,grouped,47,6,6,0.5,0.6000422423334724,0.8449345843570419,68.74213910102844
1.4730526414704246,1.4007888003013236,1.012544215103836,1.012544215103836,1.0194896653996621,1.015972342303291,1.0109491509182917,1.0,200,672,grouped,48,6,6,0.5,0.6132252360757426,0.6919318780842537,67.80007982254028
1.5034208740198416,1.4288421828170523,1.0116907826634498,1.0116907826634498,1.0222053615159614,1.016813404816157,1.0106076148173258,1.0,200,672,grouped,49,6,6,0.5,0.5947384933484151,0.7152951744710605,68.02368974685669
1.3339560498426108,1.0230068390250842,1.0142480794678135,1.013177257589139,1.015119698739693,1.0166100490632066,1.013185374461016,1.0,200,672,homogeneous,1,2,2,0.75,,,107.45111680030823
1.3138541416948968,1.0226595928046058,1.0147447341169236,1.012606621302199,1.0157480796184606,1.0136466381222935,1.011497221959304,1.0,200,672,homogeneous,0,4,4,0.5,,,107.78961610794067
1.3092475978323999,1.0246224297608435,1.0147841653030794,1.0127993328177372,1.0192267541753062,1.0147936920651506,1.0110595227826678,1.0,200,672,homogeneous,3,2,2,0.5,,,93.32681727409363
1.3220959987200296,1.0234439228134247,1.0143565960585939,1.0129626019898594,1.0185239100574346,1.0136413431914937,1.011726558719953,1.0,200,672,homogeneous,2,4,4,0.75,,,93.5163459777832
1.3236592081800442,1.0280276204237853,1.0144438497209942,1.0132670571912767,1.0168512509874215,1.0145810406755988,1.011244177809372,1.0,200,672,homogeneous,4,3,3,0.5,,,96.59644317626953
1.327403112068414,1.0298246130226283,1.0140860846029993,1.0131880860118325,1.0186816058373591,1.0160120896504028,1.0125888249707322,1.0,200,672,homogeneous,5,5,5,0.5,,,96.90449643135071
1.3214170228511393,1.0251782620012189,1.0134153104815804,1.011968840005461,1.01717950490418,1.0165400244115887,1.0113421054921998,1.0,200,672,homogeneous,7,2,2,0.5,,,112.11603307723999
1.3113651881071584,1.025914396934537,1.0148284897534867,1.0145887169759873,1.0184093211735064,1.0155137416480085,1.0128902135325597,1.0,200,672,homogeneous,6,3,3,0.75,,,112.44036722183228
1.316758597076913,1.0244038156431832,1.013141546346092,1.0113453340927407,1.0153444909555696,1.0156848514614465,1.010631557256983,1.0,200,672,homogeneous,8,2,2,0.5,,,90.86702370643616
1.3135475244196664,1.022884829122423,1.0136120472651282,1.0131810772679581,1.0167815243988143,1.0152187638410561,1.0116086793244916,1.0,200,672,homogeneous,9,4,4,0.5,,,91.32489061355591
1.3241577499905335,1.0273463583196587,1.015595308750277,1.0141203214160948,1.018892026957538,1.0153257664483066,1.0128066989281914,1.0,200,672,homogeneous,10,4,4,0.5,,,84.73231244087219
1.3210933807513698,1.0243970165655776,1.0149639307146483,1.014152250956412,1.0177022883483255,1.0144667642476541,1.0123187552204733,1.0,200,672,homogeneous,11,3,3,0.75,,,91.00915694236755
1.3191797893167452,1.028498695174695,1.014628442923241,1.0135742114773807,1.019574090668773,1.0144143088454438,1.0118820863624864,1.0,200,672,homogeneous,12,5,5,0.5,,,101.84165859222412
1.3235180019884474,1.0269640211162976,1.0135190885834338,1.0119937008461073,1.0184742139286134,1.0136770415744674,1.0102509328430385,1.0,200,672,homogeneous,13,3,3,0.5,,,95.30114078521729
1.3223737855073086,1.0252027229763552,1.0139484466076605,1.0122520363893355,1.0170287039828363,1.0169112074574174,1.011492032972101,1.0,200,672,homogeneous,14,2,2,0.5,,,101.27336978912354
1.3283041624209075,1.0244189379896378,1.0126912739079623,1.0134998642777622,1.0156480875161569,1.0153459892918646,1.0104743659222695,1.0,200,672,homogeneous,15,2,2,0.5,,,101.2530562877655
1.322053237211689,1.0266049549803133,1.0140525485784144,1.0125977793305905,1.0173678818356269,1.0173112079753375,1.011749565536949,1.0,200,672,homogeneous,17,2,2,0.5,,,96.73873162269592
1.328758366698574,1.024928376497719,1.0136947114669022,1.0118974255603412,1.0177127115280156,1.014712708107893,1.0115355700505593,1.0,200,672,homogeneous,16,4,4,0.5,,,107.63858246803284
1.3197782798716107,1.024755691139329,1.0141150673002257,1.0123997737762669,1.0184412312438689,1.0145835715265528,1.0108952400077067,1.0,200,672,homogeneous,18,3,3,0.5,,,97.62179803848267
1.3222283008434732,1.0258586044795284,1.0149952870990913,1.013170050104836,1.015214702370878,1.0167224169181106,1.0119247316263367,1.0,200,672,homogeneous,19,2,2,0.5,,,92.809490442276
1.3190820301091974,1.0281662259138993,1.0145633206025573,1.0132069943010331,1.0185576833649688,1.0148196398239349,1.01124504284001,1.0,200,672,homogeneous,20,3,3,0.5,,,95.53831815719604
1.3162160292440155,1.022926291208985,1.0153367400454587,1.012859897064435,1.0152140990368934,1.015480861607765,1.0128058061232676,1.0,200,672,homogeneous,21,5,5,0.5,,,102.09653353691101
1.315338658251871,1.0243353537890794,1.0148035941507554,1.0127465959449815,1.0173009754432585,1.0169751106968656,1.011774602237309,1.0,200,672,homogeneous,22,2,2,0.5,,,88.74299335479736
1.3301812556958712,1.0229650490204085,1.0144567132684355,1.0117229927122995,1.0163470232676777,1.012879259598483,1.0103663606633202,1.0,200,672,homogeneous,23,3,3,0.5,,,105.71324968338013
1.3221578707952844,1.0261053825177489,1.0137211735369702,1.0124958383077487,1.016499764846396,1.015561478962569,1.011566972021881,1.0,200,672,homogeneous,24,3,3,0.5,,,87.27866172790527
1.314105759185092,1.0251018813811879,1.013781396797824,1.0121925028149372,1.0168634816481186,1.013519860011902,1.0110620505776984,1.0,200,672,homogeneous,25,5,5,0.5,,,88.38425159454346
1.3175681706749993,1.0238475956606556,1.0148681625574512,1.013523971298907,1.0182701672855359,1.015855579588425,1.0113576162052516,1.0,200,672,homogeneous,26,2,2,0.5,,,88.44739389419556
1.3192888368673839,1.0248206160572146,1.0151986603671748,1.0131717232657766,1.0166452784968907,1.0153907400755355,1.0114389717236698,1.0,200,672,homogeneous,27,2,2,0.5,,,86.37890338897705
1.3137983735028236,1.0254459734939079,1.0125518342195567,1.0132973449722347,1.0169873789372326,1.0144541550564583,1.0115351497544518,1.0,200,672,homogeneous,28,3,3,0.75,,,85.9703860282898
1.3166361759434995,1.0257832101782849,1.0129917815468006,1.0140859786009053,1.0175838427820552,1.016223480392755,1.0109987058607686,1.0,200,672,homogeneous,29,2,2,0.5,,,84.19166898727417
1.3210811479678524,1.0271160339478627,1.0138953797698884,1.0127390455739214,1.0170937299912086,1.0147752549458884,1.0114776913949644,1.0,200,672,homogeneous,30,4,4,0.5,,,89.59469819068909
1.3141552135625094,1.0251881564150804,1.0157622950844976,1.0131314999241547,1.0184155041160214,1.016522972580347,1.0135049909325278,1.0,200,672,homogeneous,31,5,5,0.5,,,99.07397079467773
1.316954450746361,1.0259264095905325,1.0151545059711378,1.0134502165050812,1.0176385040871256,1.0173367311521895,1.0125081858453047,1.0,200,672,homogeneous,32,2,2,0.5,,,93.45701670646667
1.325940694338926,1.023293141976983,1.0135199706621079,1.0131318323790217,1.0161851003159,1.0155796766261571,1.0108566938447305,1.0,200,672,homogeneous,33,2,2,0.5,,,91.10742616653442
1.3174747703342513,1.024473561918081,1.0133546100617734,1.0115433475202449,1.0214672893091632,1.016771290169403,1.010719168324537,1.0,200,672,homogeneous,34,2,2,0.5,,,89.56699991226196
1.3226115108486296,1.02616984740946,1.0147786542080923,1.012814403661101,1.0171396619279134,1.0168034063723093,1.011722319454171,1.0,200,672,homogeneous,35,2,2,0.5,,,94.7181179523468
1.3196189604751267,1.023444401609398,1.0138869457285773,1.0131282931355567,1.0163468649790197,1.0144944312330706,1.0117477216125104,1.0,200,672,homogeneous,36,2,2,0.75,,,94.6589949131012
1.3237048722192017,1.0267711454464319,1.0135455953909562,1.0122537120230595,1.0167745449832164,1.0163714102775345,1.0109432314668656,1.0,200,672,homogeneous,37,2,2,0.5,,,87.65532064437866
1.3216610113513347,1.0260700929458537,1.0139030628343564,1.0123032803133585,1.01692265994378,1.0163521045846593,1.0112086681786794,1.0,200,672,homogeneous,38,2,2,0.5,,,93.77721905708313
1.311412529993195,1.0224772331620444,1.014923587795941,1.0125159040851945,1.0177496433404463,1.0135780653562194,1.0112542500310746,1.0,200,672,homogeneous,39,4,4,0.5,,,106.71496033668518
1.3257718987406972,1.0269797937921834,1.0141423240109682,1.014919675694901,1.0171577569520922,1.016614653487159,1.0115908719042772,1.0,200,672,homogeneous,40,2,2,0.5,,,98.25272178649902
1.3250025701947326,1.0240119034735928,1.0139745624652687,1.0119236590187994,1.018120805143105,1.0180041483751319,1.0119065110836791,1.0,200,672,homogeneous,41,2,2,0.5,,,88.08993268013
1.3236504601318348,1.0247962088210167,1.0136848086215215,1.0124460664825299,1.018283025843014,1.0144849788519634,1.0119893439354346,1.0,200,672,homogeneous,42,3,3,0.75,,,99.31754159927368
1.3226650949668728,1.0233937192212712,1.0155240018173386,1.0137784554267506,1.017401048212466,1.0164051626465032,1.012033964736676,1.0,200,672,homogeneous,43,2,2,0.5,,,98.70508313179016
1.317561193088164,1.023864660926486,1.0151949814503078,1.0131660056501963,1.0164212866689917,1.0148191792015813,1.0117202739112154,1.0,200,672,homogeneous,44,3,3,0.5,,,113.85760450363159
1.3226408855286083,1.0233132266550446,1.013106768762434,1.0128240599389542,1.0155826528584846,1.0155588507093982,1.01066910656267,1.0,200,672,homogeneous,45,2,2,0.5,,,99.62199521064758
1.3199349013512702,1.023866462294756,1.012447116274406,1.012886002410465,1.0189210844696732,1.014830143777643,1.0105941711353295,1.0,200,672,homogeneous,46,3,3,0.5,,,101.16244125366211
1.3256640791971441,1.0276895147429672,1.0146517249262008,1.013256429970447,1.0183289342318231,1.0156863647541836,1.0117940859526509,1.0,200,672,homogeneous,47,3,3,0.5,,,99.56823086738586
1.3317845032036932,1.0257453799991116,1.0144186443671688,1.0126224943746722,1.0194183946670738,1.0150707268924366,1.0127716587513016,1.0,200,672,homogeneous,48,4,4,0.75,,,86.44437837600708
1.3207700124324124,1.0240540038180084,1.0147375017624534,1.0127999000978531,1.0173564327064823,1.0131738975654643,1.0112469579029677,1.0,200,672,homogeneous,49,3,3,0.75,,,94.00098586082458
1.2066627218255925,1.156529993779576,1.013482796902071,1.013482796902071,1.0437294133690083,1.0387820023401546,1.0130550838225763,1.0,200,672,continuous,0,6,6,0.25,,,88.0848798751831
1.2054902997681358,1.1443283598174505,1.0126093858914145,1.0126093858914145,1.0385541581258997,1.0346987734328368,1.0125676536684811,1.0,200,672,continuous,1,6,6,0.25,,,97.2496976852417
1.212973759799995,1.1494894199785617,1.0132968890064,1.0132968890064,1.04188915589403,1.0395942367176925,1.0142264854539138,1.0,200,672,continuous,2,6,6,0.25,,,103.0324194431305
1.2143528487766684,1.1553558876320402,1.012508400382905,1.012508400382905,1.0372471385717168,1.0334556019722665,1.0119774437288147,1.0,200,672,continuous,3,6,6,0.25,,,100.75456881523132
1.2078668368035035,1.150824931522339,1.0135236997293924,1.0135236997293924,1.0422542436200004,1.0360701783888637,1.0131062878078754,1.0,200,672,continuous,4,6,6,0.25,,,102.49569439888
1.2107879424252705,1.152622555261335,1.0141883307643769,1.0141883307643769,1.0404551095386114,1.0402696103922462,1.0148364155618559,1.0,200,672,continuous,5,6,6,0.25,,,111.55950355529785
1.2053854358424323,1.1500100450875992,1.012845006338096,1.012845006338096,1.0364807978833877,1.031876181065041,1.012338835280571,1.0,200,672,continuous,6,6,6,0.25,,,93.8334698677063
1.1923381459493976,1.1385061617742063,1.0142658603200025,1.0142658603200025,1.0387259666541726,1.0374820760871541,1.013890225823116,1.0,200,672,continuous,7,6,6,0.25,,,116.85363984107971
1.1947442811674402,1.1386553294256114,1.0127170084299388,1.0127170084299388,1.0359830658392009,1.033840832704006,1.0127170084299388,1.0,200,672,continuous,8,6,6,0.0,,,101.81872510910034
1.1993086243232054,1.1411035094618485,1.0136272812987484,1.0136272812987484,1.038698515480574,1.03429808234011,1.013141106206076,1.0,200,672,continuous,9,6,6,0.25,,,112.85887908935547
1.214980171561487,1.158498152502056,1.0143987956546743,1.0143987956546743,1.04426927358935,1.038783673633329,1.014916717041763,1.0,200,672,continuous,10,6,6,0.25,,,112.75013136863708
1.2010382227025658,1.1465283092806604,1.0145363247059704,1.0145363247059704,1.0356295932008193,1.0341113001846831,1.014000363529486,1.0,200,672,continuous,11,6,6,0.25,,,107.46130990982056
1.2163766955659623,1.1620399535409478,1.014030183369077,1.014030183369077,1.0348439856007245,1.0329044618376233,1.0134061509957615,1.0,200,672,continuous,12,6,6,0.25,,,98.52666854858398
1.1988261182930557,1.1422640826821475,1.0144263567596021,1.0144263567596021,1.041605097266195,1.0354069775654835,1.0143296997924829,1.0,200,672,continuous,13,6,6,0.25,,,110.42751169204712
1.1927118621075667,1.1375541908865827,1.0138704107286227,1.0138704107286227,1.0391722527141884,1.034877129105347,1.0137180002052604,1.0,200,672,continuous,14,6,6,0.25,,,99.76473569869995
1.215757797643713,1.1642241864531173,1.014760876847511,1.014760876847511,1.0403958580573935,1.0407183528759516,1.0148287970129841,1.0,200,672,continuous,15,5,5,0.25,,,103.71248197555542
1.1936460269689255,1.1360602290484745,1.013099308193711,1.013099308193711,1.0382168414954154,1.0362513137123928,1.013235755887961,1.0,200,672,continuous,16,6,6,0.25,,,109.76895189285278
1.2043250292674839,1.1537599707603194,1.0124873299266937,1.0124873299266937,1.0406469974093129,1.0401420945306812,1.013456060926659,1.0,200,672,continuous,17,6,6,0.25,,,98.30258584022522
1.2149736771544994,1.1604899256489196,1.0121496420013516,1.0121496420013516,1.0385675514596802,1.0365517969165845,1.0127953475612437,1.0,200,672,continuous,18,6,6,0.25,,,88.72718858718872
1.2136509213490307,1.1539627207255665,1.013381014067916,1.013381014067916,1.0409861509860456,1.0368177236460416,1.0134719072513039,1.0,200,672,continuous,19,6,6,0.25,,,94.75045228004456
1.211359769096481,1.1552557483667278,1.0131646076874743,1.0131646076874743,1.0369567513033542,1.033701308456204,1.0127268987730151,1.0,200,672,continuous,20,6,6,0.25,,,97.64625072479248
1.213512435725801,1.1522364623450165,1.0125227816772857,1.0125227816772857,1.040429650342923,1.0362031561944098,1.0125227816772857,1.0,200,672,continuous,21,6,6,0.0,,,88.13152003288269
1.211058550015454,1.1504122171137054,1.0132545873499499,1.0132545873499499,1.0394897155309688,1.0372456366043006,1.0132545873499499,1.0,200,672,continuous,22,6,6,0.0,,,89.488041639328
1.189523965701474,1.1387958368560558,1.0135019677359263,1.0135019677359263,1.0363327230879387,1.032865196952082,1.0129624710969252,1.0,200,672,continuous,23,6,6,0.25,,,91.03409361839294
1.2162876624704015,1.1597447287891747,1.0144360761283682,1.0144360761283682,1.040291503025075,1.0369195302247762,1.0145882989764765,1.0,200,672,continuous,24,6,6,0.25,,,86.39439821243286
1.1926346157786518,1.1424228220086645,1.0135160613123486,1.0135160613123486,1.0444880334443125,1.0353299307848538,1.0133254918361645,1.0,200,672,continuous,25,6,6,0.25,,,105.84412956237793
1.204275855696072,1.1540982339121801,1.0124337846059388,1.0124337846059388,1.0361275957543874,1.03454714308379,1.012059641302428,1.0,200,672,continuous,26,6,6,0.25,,,92.01072525978088
1.2137931854686503,1.1595798288891574,1.0130037776751502,1.0130037776751502,1.036724476543499,1.0353313672096998,1.0132516582649393,1.0,200,672,continuous,28,6,6,0.25,,,111.81215071678162
1.2326192042638857,1.1738176217862804,1.0131499300438624,1.0131499300438624,1.0413848147328852,1.0379791623709416,1.0131499300438624,1.0,200,672,continuous,27,6,6,0.0,,,112.18213319778442
1.20205470944371,1.1533563177814024,1.0128941041621746,1.0128941041621746,1.037531375084256,1.0348479833566304,1.0131053107016954,1.0,200,672,continuous,29,6,6,0.25,,,88.94736576080322
1.215184589933238,1.1563907051844522,1.013248601614358,1.013248601614358,1.0392923435726618,1.0345663577658526,1.0129485781360332,1.0,200,672,continuous,30,6,6,0.25,,,107.18472504615784
1.187950889150633,1.1419898042962748,1.0135447653905505,1.0135447653905505,1.0396154973068923,1.0378233702910997,1.0140174052380302,1.0,200,672,continuous,31,6,6,0.25,,,103.27310562133789
1.19934058099026,1.1459332909976518,1.013620335361242,1.013620335361242,1.037004608756911,1.0342777829961007,1.0131120572208532,1.0,200,672,continuous,32,6,6,0.25,,,103.83562397956848
1.2195587590231494,1.164392850424002,1.0137835666940924,1.0137835666940924,1.0387589796348204,1.0375655962894013,1.0137413721879638,1.0,200,672,continuous,33,6,6,0.25,,,92.15007138252258
1.1977795258861406,1.1440345283154556,1.0124498764628957,1.0124498764628957,1.040875245307333,1.0369541043232562,1.0132331120919693,1.0,200,672,continuous,34,6,6,0.25,,,88.45513796806335
1.199104542303176,1.1384341525684885,1.0134263324253165,1.0134263324253165,1.0397312593665309,1.038428541467198,1.0138734880428486,1.0,200,672,continuous,35,6,6,0.25,,,87.37862300872803
1.2210449364937994,1.1661490350560968,1.0146404165377274,1.0146404165377274,1.0399538396802464,1.0396846876822405,1.014617460281908,1.0,200,672,continuous,36,6,6,0.25,,,93.7192234992981
1.1995971266981145,1.139010398079784,1.0143862100663672,1.0143862100663672,1.0438624667840857,1.0386331683245245,1.0149143607690925,1.0,200,672,continuous,37,6,6,0.25,,,101.64682865142822
1.1951708470466424,1.1374785738600695,1.0135143096765624,1.0135143096765624,1.0387415771494568,1.035138934411384,1.0135790125628226,1.0,200,672,continuous,38,6,6,0.25,,,108.53269815444946
1.2011741586673905,1.1444245243334004,1.013847462267443,1.013847462267443,1.0401555500444775,1.038026924363938,1.0144296235576566,1.0,200,672,continuous,39,6,6,0.25,,,92.1207365989685
1.2074938826890897,1.1462048710947685,1.0140296053359839,1.0140296053359839,1.047211509385303,1.037872306392425,1.0143859361813636,1.0,200,672,continuous,40,6,6,0.25,,,97.32868599891663
1.2122741845111036,1.1524672332086667,1.0134112747978197,1.0134112747978197,1.040171246302729,1.0375499521905482,1.014007669967269,1.0,200,672,continuous,41,6,6,0.25,,,85.91989040374756
1.178104280760589,1.1227389764584648,1.0149806123644878,1.0149806123644878,1.039291520029068,1.0395405765199772,1.015250766905602,1.0,200,672,continuous,42,5,5,0.25,,,93.59774279594421
1.212871503694955,1.1515686076002074,1.0127745226165672,1.0127745226165672,1.0386231593579172,1.035059399768129,1.0127745226165672,1.0,200,672,continuous,43,6,6,0.0,,,93.43400955200195
1.1885175905322933,1.1365128477778055,1.01377373696601,1.01377373696601,1.0390342537589918,1.0390125053821133,1.0138631181023343,1.0,200,672,continuous,44,5,5,0.25,,,98.3370840549469
1.1883420388600345,1.1321744819688084,1.0129022664884988,1.0129022664884988,1.037627281776863,1.0362486249869,1.0125408954597832,1.0,200,672,continuous,45,6,6,0.25,,,98.06742405891418
1.2243657317901788,1.163010423345726,1.0140410397822943,1.0140410397822943,1.0409164977169167,1.0383667092148807,1.014842608581,1.0,200,672,continuous,46,6,6,0.25,,,93.6573977470398
1.2187951795343326,1.1623984397890936,1.0126545123047566,1.0126545123047566,1.0391123942017562,1.0354873869784966,1.0128546389311823,1.0,200,672,continuous,47,6,6,0.25,,,89.15814518928528
1.200907854357483,1.1425836445778386,1.0134324479765708,1.0134324479765708,1.037890678013086,1.0388105778451402,1.0135010424496587,1.0,200,672,continuous,48,5,5,0.25,,,93.85851240158081
1.2234142609552503,1.1646204972799876,1.0128948926871695,1.0128948926871695,1.0394445838940745,1.0419154492877072,1.0136342539177412,1.0,200,672,continuous,49,5,5,0.25,,,100.18468475341797
